academicGroup,department,staffName,year,title,journal,quartile,quartileYear,citeScorePercentile,citations,doi,scopusId,authorRole,sdgs
Biology,Bioscience,Adjunct Prof. Dr. Kevin Hyde,2026,A Comprehensive Checklist and Ecological Assessment of Eurotiomycetes in Thailand: Substrate and Habitat Associations with The Discovery of a New Insect-associated Species and a New Record,Chiang Mai Journal of Science,Q3,2024,49,0,10.12982/CMJS.2026.016,2-s2.0-105036034354,co_author,SDG 15 Life on Land
Biology,Bioscience,Adjunct Prof. Dr. Kevin Hyde,2026,"Exploring a new habitat for Distoseptispora (Distoseptisporaceae, Distoseptisporales) and introducing D. mangrovei sp. nov. from a mangrove wetland in Guangdong Province, China",Phytotaxa,Q3,2024,41,0,10.11646/PHYTOTAXA.752.2.3,2-s2.0-105038196179,co_author,SDG 14 Life Below Water
Biology,Bioscience,Adjunct Prof. Dr. Kevin Hyde,2026,"First Report on the Asexual Morphology of Nigrograna jinghongensis (Nigrogranaceae, Pleosporales) with a New Host Record from China",New Zealand Journal of Botany,Q2,2024,57,0,10.1002/nzb2.70004,2-s2.0-105035202675,co_author,
Biology,Bioscience,Adjunct Prof. Dr. Kevin Hyde,2026,Four New Dibenzo-α-pyrones From Helicosporium sexuale LZ15,Chemistry and Biodiversity,Q2,2024,51,0,10.1002/cbdv.71229,2-s2.0-105036565546,co_author,SDG 15 Life on Land
Biology,Bioscience,Adjunct Prof. Dr. Kevin Hyde,2026,"Funiliomycetaceae fam. nov. (Amphisphaeriales, Ascomycota) accommodating Funiliomyces, including F. jiangxiensis sp. nov. from Tetradium ruticarpum and ten new combinations",IMA Fungus,Q1,2024,96,0,10.3897/imafungus.17.179140,2-s2.0-105029829301,co_author,SDG 15 Life on Land
Biology,Bioscience,Adjunct Prof. Dr. Kevin Hyde,2026,"Identification of Aquapteridospora guangxiensis sp. nov., a Novel Lignicolous Freshwater Fungus from Guangxi Province, China",New Zealand Journal of Botany,Q2,2024,57,1,10.1002/nzb2.70010,2-s2.0-105035335150,co_author,SDG 6 Clean Water and Sanitation
Biology,Bioscience,Adjunct Prof. Dr. Kevin Hyde,2026,Isolation and molecular characterization of three new fungal endophyte species from members of lauraceae in northern Thailand,Agriculture Communications,Q2,2024,53,0,10.1016/j.agrcom.2026.100134,2-s2.0-105031928983,co_author,SDG 2 Zero Hunger; SDG 15 Life on Land
Biology,Bioscience,Adjunct Prof. Dr. Kevin Hyde,2026,"Lasiobelonium sublanceolatum sp. nov. (Solenopeziaceae, Helotiales) from Yunnan, China",New Zealand Journal of Botany,Q2,2024,57,0,10.1002/nzb2.70065,2-s2.0-105035360710,co_author,
Biology,Bioscience,Adjunct Prof. Dr. Kevin Hyde,2026,"Magnusiomyces doitungensis sp. nov., a novel arthroconidial yeast isolated from rotten wood in Northern Thailand",Phytotaxa,Q3,2024,41,0,10.11646/phytotaxa.744.2.2,2-s2.0-105031951761,co_author,
Biology,Bioscience,Adjunct Prof. Dr. Kevin Hyde,2026,"Monosporozyma xishuangbannaensis, a novel ascomycetous yeast isolated from leaf litter in Yunnan, China",Phytotaxa,Q3,2024,41,0,10.11646/phytotaxa.747.3.1,2-s2.0-105033103480,co_author,
Biology,Bioscience,Adjunct Prof. Dr. Kevin Hyde,2026,"Morpho-cultural and molecular phylogenetic analyses reveal Neoarthrinium kaempferiae sp. nov. (Neoarthriniaceae), an endophytic fungus from Kaempferia galanga in Guangdong, China",Phytotaxa,Q3,2024,41,0,10.11646/phytotaxa.744.3.2,2-s2.0-105032139181,co_author,
Biology,Bioscience,Adjunct Prof. Dr. Kevin Hyde,2026,"Multilocus Phylogeny and Morphology Reveal New Host Records of Didymella, Dinemasporium, and Periconia From Bryophytes and Ferns in Southern China",New Zealand Journal of Botany,Q2,2024,57,0,10.1002/nzb2.70093,2-s2.0-105037581868,co_author,SDG 15 Life on Land
Biology,Bioscience,Adjunct Prof. Dr. Kevin Hyde,2026,New insights into Clonostachys: description of a novel species and expanded host range,Phytotaxa,Q3,2024,41,0,10.11646/phytotaxa.741.1.7,2-s2.0-105031049201,co_author,SDG 15 Life on Land
Biology,Bioscience,Adjunct Prof. Dr. Kevin Hyde,2026,"One Novel Hyphodiscosia Species From Litchi Litter in China with Insights into Host Associations and Geographic Distribution of Muyocopronaceae (Muyocopronales,Dothideomycetes)",Current Microbiology,Q3,2024,48,0,10.1007/s00284-026-04720-9,2-s2.0-105027705504,co_author,SDG 15 Life on Land
Biology,Bioscience,Adjunct Prof. Dr. Kevin Hyde,2026,"Paracremonium yunnanense (Sordariomycetes), a New Fungus From Swallow Cave in Yunnan Province, China",New Zealand Journal of Botany,Q2,2024,57,1,10.1002/nzb2.70024,2-s2.0-105035014852,co_author,
Biology,Bioscience,Adjunct Prof. Dr. Kevin Hyde,2026,"Pleopunctum xizangense sp. nov. (Pleosporales, Phaeoseptaceae) and Pseudolophiostoma yunnanense sp. nov. (Pleosporales, Lophiostomataceae), and a new record of Pleopunctum pseudoellipsoideum on Fagales",Mycokeys,Q1,2024,84,0,10.3897/mycokeys.131.175264,2-s2.0-105038249276,co_author,
Biology,Bioscience,Adjunct Prof. Dr. Kevin Hyde,2026,Putative palm pathogens: Novel species and new host records of leaf disease-associated microfungi (Ascomycota) on Nypa fruticans in Thailand,Mycokeys,Q1,2024,84,0,10.3897/mycokeys.130.175665,2-s2.0-105035082189,co_author,SDG 3 Good Health and Well-being; SDG 15 Life on Land
Biology,Bioscience,Adjunct Prof. Dr. Kevin Hyde,2026,"Reappraisal of the phylogenetic relationships of hirsutella-like fungi across Ophiocordycipitaceae and Polycephalomycetaceae (Hypocreales, Sordariomycetes), and the description of seven new species",IMA Fungus,Q1,2024,96,1,10.3897/imafungus.17.171084,2-s2.0-105030835247,co_author,SDG 15 Life on Land
Biology,Bioscience,Adjunct Prof. Dr. Kevin Hyde,2026,Revealing Pathogens and Disease-Associated Ascomycetes in Post-Harvest Citrus and Psidium Fruits in Markets in Northern Thailand,Plant Pathology,Q1,2024,90,0,10.1111/ppa.70094,2-s2.0-105022641276,co_author,SDG 3 Good Health and Well-being
Biology,Bioscience,Adjunct Prof. Dr. Kevin Hyde,2026,"Roussoella yangjiangensis sp. nov. (Roussoellaceae, Pleosporales), A Holomorphic Fungus in Guangdong Province, China",Chiang Mai Journal of Science,Q3,2024,49,1,10.12982/CMJS.2026.003,2-s2.0-105028290050,co_author,
Biology,Bioscience,Adjunct Prof. Dr. Kevin Hyde,2026,Sordariomycetes Taxa Associated with Dracaena in Karst Outcrops: Two Novel Species and Five New Host Records from Thailand,Journal of Fungi,Q1,2024,92,0,10.3390/jof12030168,2-s2.0-105034415253,co_author,SDG 15 Life on Land
Biology,Bioscience,Adjunct Prof. Dr. Kevin Hyde,2026,"Species diversity of Diaporthe on mangroves: Taxonomic novelties, pathogenic associations, and phylogenetic reassessment of endophytes",Mycologia,Q1,2024,85,1,10.1080/00275514.2025.2550907,2-s2.0-105023710038,co_author,SDG 15 Life on Land
Biology,Bioscience,Adjunct Prof. Dr. Kevin Hyde,2026,Talaromyces doitungensis sp. nov. and new records from Doi Tung National Forest in Thailand,Phytotaxa,Q3,2024,41,1,10.11646/phytotaxa.747.1.2,2-s2.0-105032884027,co_author,SDG 15 Life on Land
Biology,Bioscience,Adjunct Prof. Dr. Kevin Hyde,2026,Taxonomic novelties and host associations of Sordariomycetes from wetland-dwelling Poales in Thailand,Mycokeys,Q1,2024,84,0,10.3897/mycokeys.129.163092,2-s2.0-105034901663,co_author,
Biology,Bioscience,Adjunct Prof. Dr. Kevin Hyde,2026,"Taxonomy and phylogeny of Pseudochaetosphaeronema associated with rubber trees from Yunnan Province, China",Mycokeys,Q1,2024,84,0,10.3897/mycokeys.128.182163,2-s2.0-105032486171,co_author,SDG 15 Life on Land
Biology,Bioscience,Adjunct Prof. Dr. Kevin Hyde,2026,"Three New Species of Nagrajchalara in Yunnan Province, China",New Zealand Journal of Botany,Q2,2024,57,0,10.1002/nzb2.70061,2-s2.0-105035114100,co_author,SDG 15 Life on Land
Biology,Bioscience,Adjunct Prof. Dr. Kevin Hyde,2026,Three new polyhydroxy-chlorinated dibenzo-α-pyrones isolated from Helicosporium sexuale LZ15,Fitoterapia,Q1,2024,78,0,10.1016/j.fitote.2026.107112,2-s2.0-105028495884,co_author,
Biology,Bioscience,Adjunct Prof. Dr. Kevin Hyde,2026,Unveiling a novel Menisporopsis species (Chaetosphaeriaceae) from Thailand,Phytotaxa,Q3,2024,41,0,10.11646/phytotaxa.755.2.5,2-s2.0-105038400807,co_author,SDG 15 Life on Land
Biology,Bioscience,Adjunct Prof. Dr. Kevin Hyde,2026,"Vamsapriya pseudosasae sp. nov. (Vamsapriyaceae, Xylariales): A Synnematous Bambusicolous Hyphomycete from Guangdong Province, China",New Zealand Journal of Botany,Q2,2024,57,0,10.1002/nzb2.70029,2-s2.0-105035357534,co_author,
Biology,Bioscience,Adjunct Prof. Dr. Kevin Hyde,2025,"A Comprehensive Characterisation of Mycelium-Based Biomaterials Developed from Panus ciliatus and P. subfasciatus (Panaceae, Polyporales)",Journal of Fungi,Q1,2024,92,0,10.3390/jof11120826,2-s2.0-105027237549,co_author,SDG 15 Life on Land
Biology,Bioscience,Adjunct Prof. Dr. Kevin Hyde,2025,A global checklist of mushrooms (Basidiomycota) in biomaterials and the challenges and opportunities of mycelium-based biomaterials,Asian Journal of Mycology,Q3,2024,48,1,2-s2.0-105028782784,2-s2.0-105028782784,co_author,SDG 15 Life on Land
Biology,Bioscience,Adjunct Prof. Dr. Kevin Hyde,2025,"A new Myxospora (Hypocreales, Sordariomycetes) species from the Tibetan Plateau, China",New Zealand Journal of Botany,Q2,2024,57,3,10.1080/0028825X.2024.2438411,2-s2.0-85212680048,co_author,SDG 15 Life on Land
Biology,Bioscience,Adjunct Prof. Dr. Kevin Hyde,2025,"A new entolomatoid species of Rhodophana (Entolomataceae, Agaricales) from Thailand",New Zealand Journal of Botany,Q2,2024,57,0,10.1080/0028825X.2025.2495622,2-s2.0-105008990670,co_author,SDG 15 Life on Land
Biology,Bioscience,Adjunct Prof. Dr. Kevin Hyde,2025,"A new false truffle species, Gautieria zixishanensis sp. nov. (Gomphales, Basidiomycota) found in Yunnan, China",Phytotaxa,Q3,2024,41,0,10.11646/phytotaxa.701.2.4,2-s2.0-105005000869,co_author,SDG 15 Life on Land
Biology,Bioscience,Adjunct Prof. Dr. Kevin Hyde,2025,"A novel non-haired Hyaloscyphaceae species, Isthmosporiella glabra sp. nov., in Yunnan Province, China",Asian Journal of Mycology,Q3,2024,48,0,2-s2.0-105028331684,2-s2.0-105028331684,co_author,SDG 15 Life on Land
Biology,Bioscience,Adjunct Prof. Dr. Kevin Hyde,2025,A worldwide checklist and morpho-molecular systematics of fungi associated with pteridophytes,Fungal Diversity,Q1,2024,99,11,10.1007/s13225-025-00554-1,2-s2.0-105007987817,co_author,SDG 15 Life on Land
Biology,Bioscience,Adjunct Prof. Dr. Kevin Hyde,2025,"Additions to fungicolous Hypomyces from northern Thailand: A novel species, combinations and new records",Fungal Biology,Q1,2024,84,1,10.1016/j.funbio.2025.101535,2-s2.0-85215066535,co_author,SDG 15 Life on Land
Biology,Bioscience,Adjunct Prof. Dr. Kevin Hyde,2025,An Online Database on Fungicolous Fungi: https://www.fungicolousfungi.org,Chiang Mai Journal of Science,Q3,2024,49,1,10.12982/CMJS.2025.026,2-s2.0-105011766648,co_author,SDG 15 Life on Land
Biology,Bioscience,Adjunct Prof. Dr. Kevin Hyde,2025,"Anacacumisporium thailandicum (Chaetosphaeriaceae, Sordariomycetes), a new species from Heynea trijuga (Meliaceae) in Northern Thailand",New Zealand Journal of Botany,Q2,2024,57,0,10.1080/0028825X.2025.2511004,2-s2.0-105009458995,co_author,SDG 15 Life on Land
Biology,Bioscience,Adjunct Prof. Dr. Kevin Hyde,2025,Bryendophyte fungal association of Hyophila involuta in Northern Thailand,New Zealand Journal of Botany,Q2,2024,57,1,10.1080/0028825X.2025.2485987,2-s2.0-105002248706,co_author,SDG 15 Life on Land
Biology,Bioscience,Adjunct Prof. Dr. Kevin Hyde,2025,"Challenges and update on fungal endophytes: classification, definition, diversity, ecology, evolution and functions",Fungal Diversity,Q1,2024,99,61,10.1007/s13225-025-00550-5,2-s2.0-86000278478,co_author,SDG 15 Life on Land
Biology,Bioscience,Adjunct Prof. Dr. Kevin Hyde,2025,Characterization of Fungal Pathogens Causing Blueberry Fruit Rot Disease in China,Pathogens,Q1,2024,78,8,10.3390/pathogens14020201,2-s2.0-85218911165,co_author,SDG 3 Good Health and Well-being; SDG 15 Life on Land
Biology,Bioscience,Adjunct Prof. Dr. Kevin Hyde,2025,"Correction: Morphology and molecular phylogeny of Dothideomycetes fungi associated with Dracaena plants (Frontiers in Cellular and Infection Microbiology, (2025), 15, (1550824), 10.3389/fcimb.2025.1550824)",Frontiers in Cellular and Infection Microbiology,Q1,2024,88,0,10.3389/fcimb.2025.1686965,2-s2.0-105017101614,co_author,SDG 15 Life on Land
Biology,Bioscience,Adjunct Prof. Dr. Kevin Hyde,2025,Discoveries of Dothideomycetes (Fungi) associated with pteridophytes in China,IMA Fungus,Q1,2024,96,0,10.3897/imafungus.16.167717,2-s2.0-105026892855,co_author,SDG 15 Life on Land
Biology,Bioscience,Adjunct Prof. Dr. Kevin Hyde,2025,"Discovery of a new species and a new geographical record of Metarhizium (Clavicipitaceae, Hypocreales) from China",Phytotaxa,Q3,2024,41,1,10.11646/phytotaxa.683.2.1,2-s2.0-85216868206,co_author,SDG 15 Life on Land
Biology,Bioscience,Adjunct Prof. Dr. Kevin Hyde,2025,"Echinochaete thailandica sp. nov. (Polyporaceae, Basidiomycota) from northern Thailand",Phytotaxa,Q3,2024,41,0,10.11646/phytotaxa.718.1.1,2-s2.0-105016731086,co_author,SDG 15 Life on Land
Biology,Bioscience,Adjunct Prof. Dr. Kevin Hyde,2025,Endophytic xylariaceous fungi from rice in northern Thailand: discovery of novel species and new host records,Mycokeys,Q1,2024,84,0,10.3897/mycokeys.120.152187,2-s2.0-105014434570,co_author,SDG 2 Zero Hunger; SDG 15 Life on Land
Biology,Bioscience,Adjunct Prof. Dr. Kevin Hyde,2025,Entomopathogenic fungi as guardians of elm trees: A review of dual-action biocontrol agents targeting Scolytus spp. and their associated Ophiostoma species,Journal of Invertebrate Pathology,Q1,2024,86,2,10.1016/j.jip.2025.108361,2-s2.0-105005418979,co_author,SDG 15 Life on Land
Biology,Bioscience,Adjunct Prof. Dr. Kevin Hyde,2025,Exploring fungi on mangrove associates: novel family Neoarthriniaceae and two novel species in Neoarthrinium and Oncopodiella,Mycological Progress,Q1,2024,85,5,10.1007/s11557-025-02035-w,2-s2.0-85218680377,co_author,SDG 14 Life Below Water; SDG 15 Life on Land
Biology,Bioscience,Adjunct Prof. Dr. Kevin Hyde,2025,"Four new species of Chlorociboria from Yunnan, China",Mycological Progress,Q1,2024,85,6,10.1007/s11557-025-02046-7,2-s2.0-105002763203,co_author,SDG 15 Life on Land
Biology,Bioscience,Adjunct Prof. Dr. Kevin Hyde,2025,"Four new species of Erioscyphella (Leotiomycetes, Helotiales) from southwestern China",Mycokeys,Q1,2024,84,2,10.3897/mycokeys.114.138647,2-s2.0-85218082396,co_author,SDG 15 Life on Land
Biology,Bioscience,Adjunct Prof. Dr. Kevin Hyde,2025,"Four saprobic species associated with Mahonia in Guizhou Province, China",Mycological Progress,Q1,2024,85,2,10.1007/s11557-025-02050-x,2-s2.0-105007857289,co_author,SDG 15 Life on Land
Biology,Bioscience,Adjunct Prof. Dr. Kevin Hyde,2025,"Fungal community composition associated with the agarwood-producing tree, Aquilaria sinensis",Mycosphere,Q1,2024,98,2,10.5943/MYCOSPHERE/16/1/18,2-s2.0-105028747252,co_author,SDG 15 Life on Land
Biology,Bioscience,Adjunct Prof. Dr. Kevin Hyde,2025,Fungal diversity notes 1818–1918: taxonomic and phylogenetic contributions on genera and species of fungi,Fungal Diversity,Q1,2024,99,46,10.1007/s13225-024-00541-y,2-s2.0-105001063663,co_author,SDG 15 Life on Land
Biology,Bioscience,Adjunct Prof. Dr. Kevin Hyde,2025,Fungal diversity notes 1919–2016: taxonomic and phylogenetic contributions to fungal taxa,Fungal Diversity,Q1,2024,99,21,10.1007/s13225-025-00556-z,2-s2.0-105006836933,co_author,SDG 15 Life on Land
Biology,Bioscience,Adjunct Prof. Dr. Kevin Hyde,2025,Fungal diversity notes 2017–2122: taxonomic and phylogenetic contributions to freshwater fungi and other fungal taxa,Fungal Diversity,Q1,2024,99,8,10.1007/s13225-025-00560-3,2-s2.0-105017785176,co_author,SDG 6 Clean Water and Sanitation; SDG 15 Life on Land
Biology,Bioscience,Adjunct Prof. Dr. Kevin Hyde,2025,"Fungal threats to global mushroom cultivation: diseases, competitor molds, and management strategies – a review",Mycosphere,Q1,2024,98,1,10.5943/MYCOSPHERE/16/1/22,2-s2.0-105027175945,co_author,SDG 2 Zero Hunger; SDG 15 Life on Land
Biology,Bioscience,Adjunct Prof. Dr. Kevin Hyde,2025,Fungi dominate eukaryotic microbial assemblages in hot spring biofilms of East and Southeast Asia,Environmental Microbiome,Q1,2024,78,0,10.1186/s40793-025-00816-0,2-s2.0-105026195759,co_author,SDG 15 Life on Land
Biology,Bioscience,Adjunct Prof. Dr. Kevin Hyde,2025,"Hongkongmyces wuhanensis sp. nov. from freshwater habitats in Wuhan, China",Phytotaxa,Q3,2024,41,2,10.11646/phytotaxa.700.1.5,2-s2.0-105004746786,co_author,SDG 6 Clean Water and Sanitation
Biology,Bioscience,Adjunct Prof. Dr. Kevin Hyde,2025,"Introducing Melanocucurbitaria uktampratovii sp. nov. and the sexual morph of Melanocamarosporioides ugamica in Melanommataceae (Dothideomycetes, Pleosporales)",Mycokeys,Q1,2024,84,3,10.3897/mycokeys.115.139963,2-s2.0-86000367651,co_author,
Biology,Bioscience,Adjunct Prof. Dr. Kevin Hyde,2025,"Introducing Muciflexus inthanonensis gen. et sp. nov. and updates on Ochronectria (Hypocreales): New insights from leaf litter fungi in Doi Inthanon National Park, Northern Thailand",Mycokeys,Q1,2024,84,1,10.3897/mycokeys.117.147002,2-s2.0-105004938586,co_author,SDG 15 Life on Land
Biology,Bioscience,Adjunct Prof. Dr. Kevin Hyde,2025,"Lijiangomyces laojunensis gen. et sp. nov. (Mytilinidiaceae), and Sclerococcum stictae (Dactylosporaceae), a new lichenicolous species from Yunnan, China",Mycokeys,Q1,2024,84,3,10.3897/mycokeys.114.146031,2-s2.0-86000183265,co_author,SDG 15 Life on Land
Biology,Bioscience,Adjunct Prof. Dr. Kevin Hyde,2025,"Living with bats: polyphasic approach reveals a new Fusarium species in Yunnan Province, China",New Zealand Journal of Botany,Q2,2024,57,3,10.1080/0028825X.2024.2384444,2-s2.0-105001494867,co_author,SDG 15 Life on Land
Biology,Bioscience,Adjunct Prof. Dr. Kevin Hyde,2025,Mango Microcosm: Unveiling the species diversity and pathogenic potential of fungi isolated from mango (Mangifera indica) in northern Thailand,Fungal Biology,Q1,2024,84,8,10.1016/j.funbio.2025.101552,2-s2.0-85218978584,co_author,SDG 15 Life on Land
Biology,Bioscience,Adjunct Prof. Dr. Kevin Hyde,2025,Micro-fungi in southern China and northern Thailand: emphasis on medicinal plants,Fungal Diversity,Q1,2024,99,34,10.1007/s13225-024-00549-4,2-s2.0-86000780270,co_author,SDG 15 Life on Land
Biology,Bioscience,Adjunct Prof. Dr. Kevin Hyde,2025,"Molecular Phylogeny and Morphology Reveal Four New Species of Conocybe (Bolbitiaceae, Agaricales) from the Qinghai-Xizang Plateau, China",Journal of Fungi,Q1,2024,92,3,10.3390/jof11010045,2-s2.0-85216091415,co_author,SDG 15 Life on Land
Biology,Bioscience,Adjunct Prof. Dr. Kevin Hyde,2025,Molecular phylogeny and morphology reveal four novel species in Cordycipitaceae in China,Mycokeys,Q1,2024,84,4,10.3897/mycokeys.116.147006,2-s2.0-105002780902,co_author,SDG 15 Life on Land
Biology,Bioscience,Adjunct Prof. Dr. Kevin Hyde,2025,Morpho-Molecular Characterization of Hypocrealean Fungi Isolated from Rice in Northern Thailand,Journal of Fungi,Q1,2024,92,4,10.3390/jof11040321,2-s2.0-105003577005,co_author,SDG 2 Zero Hunger; SDG 15 Life on Land
Biology,Bioscience,Adjunct Prof. Dr. Kevin Hyde,2025,Morpho-molecular analyses reveal a novel species Acrocalymma hibisci and a new host record of Acrocalymma medicaginis,Phytotaxa,Q3,2024,41,0,10.11646/phytotaxa.714.2.4,2-s2.0-105017152230,co_author,SDG 15 Life on Land
Biology,Bioscience,Adjunct Prof. Dr. Kevin Hyde,2025,Morpho-molecular characterization and pathogenicity of fungi associated with sweet cherry (Prunus avium) trunk diseases in China,Mycosphere,Q1,2024,98,1,10.5943/MYCOSPHERE/16/1/3,2-s2.0-105001003500,co_author,SDG 15 Life on Land
Biology,Bioscience,Adjunct Prof. Dr. Kevin Hyde,2025,Morpho-phylogenetic evidence reveals Pseudolomaantha thailandica gen. et sp. nov. and Submultiguttulispora multiseptata gen. et sp. nov. in Chaetosphaeriaceae,Mycokeys,Q1,2024,84,1,10.3897/mycokeys.113.142643,2-s2.0-85216950240,co_author,
Biology,Bioscience,Adjunct Prof. Dr. Kevin Hyde,2025,"Morpho-phylogenetic evidence reveals novel species and new records of Torula (Torulaceae, Pleosporales) from medicinal plants in China",Mycokeys,Q1,2024,84,0,10.3897/mycokeys.122.161816,2-s2.0-105015569996,co_author,SDG 15 Life on Land
Biology,Bioscience,Adjunct Prof. Dr. Kevin Hyde,2025,"Morphological and phylogenetic characterization of a new Cyphellophora (Chaetothyriales, Cyphellophoraceae) species associated with Tetradium ruticarpum from Guangxi Province, China",Phytotaxa,Q3,2024,41,2,10.11646/phytotaxa.704.3.3,2-s2.0-105007988831,co_author,SDG 15 Life on Land
Biology,Bioscience,Adjunct Prof. Dr. Kevin Hyde,2025,"Morphological and phylogenetic evaluation of a new species of Rhodoveronaea (Rhamphoriaceae, Rhamphoriales) associated with Quercus fabrei (Fagales) in Yunnan Province, China",Biodiversity Data Journal,Q2,2024,51,1,10.3897/BDJ.13.e154654,2-s2.0-105017305126,co_author,SDG 15 Life on Land
Biology,Bioscience,Adjunct Prof. Dr. Kevin Hyde,2025,Morphology and molecular phylogeny of Dothideomycetes fungi associated with Dracaena plants,Frontiers in Cellular and Infection Microbiology,Q1,2024,88,0,10.3389/fcimb.2025.1550824,2-s2.0-105014024535,first_author,SDG 15 Life on Land
Biology,Bioscience,Adjunct Prof. Dr. Kevin Hyde,2025,"Morphology and multigene phylogeny reveal a new species and a new record of saprobic Dothideomycetes from Hevea brasiliensis in Yunnan Province, China",Phytotaxa,Q3,2024,41,1,10.11646/phytotaxa.690.1.5,2-s2.0-85219140591,co_author,SDG 15 Life on Land
Biology,Bioscience,Adjunct Prof. Dr. Kevin Hyde,2025,"Morphology and phylogeny reveal a new species of Corynespora from Xizang Autonomous Region, China",Phytotaxa,Q3,2024,41,0,10.11646/phytotaxa.731.3.5,2-s2.0-105023699751,co_author,SDG 15 Life on Land
Biology,Bioscience,Adjunct Prof. Dr. Kevin Hyde,2025,Morphology and phylogeny reveal two new species and host records of hyphomycetous fungi on Areca species from marine habitats in Thailand,Mycokeys,Q1,2024,84,1,10.3897/mycokeys.118.147229,2-s2.0-105008018411,co_author,SDG 14 Life Below Water; SDG 15 Life on Land
Biology,Bioscience,Adjunct Prof. Dr. Kevin Hyde,2025,Mycosphere Notes 572-624: Exploring the hidden diversity of fungi and fungi like taxa in different terrestrial microhabitats,Mycosphere,Q1,2024,98,9,10.5943/mycosphere/16/1/21,2-s2.0-105033141875,co_author,SDG 15 Life on Land
Biology,Bioscience,Adjunct Prof. Dr. Kevin Hyde,2025,"Neodeightonia guineensis sp. nov., a palmicolus species from Guangdong, China",Phytotaxa,Q3,2024,41,1,10.11646/phytotaxa.681.1.6,2-s2.0-85214343835,co_author,SDG 15 Life on Land
Biology,Bioscience,Adjunct Prof. Dr. Kevin Hyde,2025,"New Aquilariomyces and Mangifericomes species (Pleosporales, Ascomycota) from Aquilaria spp. in China",Mycokeys,Q1,2024,84,3,10.3897/mycokeys.112.139831,2-s2.0-85215377534,co_author,SDG 15 Life on Land
Biology,Bioscience,Adjunct Prof. Dr. Kevin Hyde,2025,"New fungal genus, three novel species and one new record from mangroves, with reclassification of Melanconiella (Melanconiellaceae) species",Mycokeys,Q1,2024,84,4,10.3897/mycokeys.116.137351,2-s2.0-105002020602,co_author,SDG 15 Life on Land
Biology,Bioscience,Adjunct Prof. Dr. Kevin Hyde,2025,"Notes, outline, systematics and phylogeny of hyaline-spored hyphomycetes",Fungal Diversity,Q1,2024,99,7,10.1007/s13225-025-00561-2,2-s2.0-105018309816,co_author,SDG 15 Life on Land
Biology,Bioscience,Adjunct Prof. Dr. Kevin Hyde,2025,One stop shop V: taxonomic update with molecular phylogeny for important phytopathogenic genera: 101–125 (2024),Fungal Diversity,Q1,2024,99,14,10.1007/s13225-024-00542-x,2-s2.0-85218092917,co_author,SDG 15 Life on Land
Biology,Bioscience,Adjunct Prof. Dr. Kevin Hyde,2025,"Ophiocordyceps linyphiidarum sp. nov., a newly discovered spider-pathogenic fungus from China",Phytotaxa,Q3,2024,41,2,10.11646/phytotaxa.715.1.2,2-s2.0-105017061347,co_author,
Biology,Bioscience,Adjunct Prof. Dr. Kevin Hyde,2025,Orders of Ascomycota,Mycosphere,Q1,2024,98,24,10.5943/mycosphere/16/1/8,2-s2.0-105008231799,co_author,SDG 15 Life on Land
Biology,Bioscience,Adjunct Prof. Dr. Kevin Hyde,2025,Pathogenic fungi (Sordariomycetes) associated with annual and perennial crops in Northern Thailand,Mycokeys,Q1,2024,84,2,10.3897/mycokeys.117.137112,2-s2.0-105005715069,co_author,SDG 15 Life on Land
Biology,Bioscience,Adjunct Prof. Dr. Kevin Hyde,2025,"Peat swamp Ascomycota associated with palms (Arecaceae) from Narathiwat, Thailand",Mycosphere,Q1,2024,98,3,10.5943/mycosphere,2-s2.0-105015380954,co_author,SDG 15 Life on Land
Biology,Bioscience,Adjunct Prof. Dr. Kevin Hyde,2025,"Phlebiopsis friesii (Phanerochaetaceae, Polyporales), a New Record in Thailand and the First Preliminary Characterization of Its Potential in Mycelium Mats",Mycobiology,Q2,2024,56,1,10.1080/12298093.2025.2518801,2-s2.0-105009350759,co_author,
Biology,Bioscience,Adjunct Prof. Dr. Kevin Hyde,2025,Phylogenetic and Morphological Characterization of Beltraniaceae Species from Litchi and Longan Litter in Southern China,Chiang Mai Journal of Science,Q3,2024,49,1,10.12982/CMJS.2025.045,2-s2.0-105011073742,co_author,SDG 15 Life on Land
Biology,Bioscience,Adjunct Prof. Dr. Kevin Hyde,2025,"Phylogenetic diversity of Colletotrichum species (Sordariomycetes, Glomerellales, Glomerellaceae) associated with plant diseases in Thailand",Mycokeys,Q1,2024,84,6,10.3897/mycokeys.119.152323,2-s2.0-105010031986,co_author,SDG 15 Life on Land
Biology,Bioscience,Adjunct Prof. Dr. Kevin Hyde,2025,Phylogeny of Geoglossomycetes with species diversity in China,Mycology,Q1,2024,87,5,10.1080/21501203.2024.2436000,2-s2.0-85216780045,co_author,SDG 15 Life on Land
Biology,Bioscience,Adjunct Prof. Dr. Kevin Hyde,2025,"Screening and Domestication of Cultivable Macrofungi: Nutritional Value, and Industrial Applications",Chiang Mai Journal of Science,Q3,2024,49,3,10.12982/CMJS.2025.054,2-s2.0-105020831805,co_author,
Biology,Bioscience,Adjunct Prof. Dr. Kevin Hyde,2025,"Sexual and Asexual Morphs of Thyronectria kunmingensis sp. nov. (Nectriaceae) From Yunnan, China",Chiang Mai Journal of Science,Q3,2024,49,0,10.12982/CMJS.2025.065,2-s2.0-105020769468,co_author,
Biology,Bioscience,Adjunct Prof. Dr. Kevin Hyde,2025,Spatial scale modulates stochastic and deterministic influence on biogeography of photosynthetic biofilms in Southeast Asian hot springs,Environmental Microbiome,Q1,2024,78,4,10.1186/s40793-025-00711-8,2-s2.0-105004890787,co_author,
Biology,Bioscience,Adjunct Prof. Dr. Kevin Hyde,2025,Systematics and physiology of Cladophialophora matsushimae (Chaetothyriales) associated with ant carton and five new combinations in Cladophialophora and Epibryon,New Zealand Journal of Botany,Q2,2024,57,2,10.1080/0028825X.2025.2479092,2-s2.0-105002060141,co_author,
Biology,Bioscience,Adjunct Prof. Dr. Kevin Hyde,2025,Taxonomic Descriptions and Phylogenetic Placement of Aspergillus subalbidus isolated from a Paper Wasp Nest,Phytotaxa,Q3,2024,41,0,10.11646/phytotaxa.733.2.3,2-s2.0-105024362654,co_author,
Biology,Bioscience,Adjunct Prof. Dr. Kevin Hyde,2025,Taxonomy and systematics of micro-fungi associated with Coffea in southern China and northern Thailand,Fungal Diversity,Q1,2024,99,7,10.1007/s13225-025-00566-x,2-s2.0-105022887412,co_author,SDG 15 Life on Land
Biology,Bioscience,Adjunct Prof. Dr. Kevin Hyde,2025,"Taxonomy, phylogeny, and bioactive potential of Xylariales (Sordariomycetes, Ascomycota) from Thailand: novel species discovery, new host and geographical records, and antibacterial properties",Mycokeys,Q1,2024,84,1,10.3897/mycokeys.120.155915,2-s2.0-105014413773,co_author,SDG 3 Good Health and Well-being; SDG 15 Life on Land
Biology,Bioscience,Adjunct Prof. Dr. Kevin Hyde,2025,"Taxonomy, phylogeny, diversity and host preference of leaf litter inhabiting microfungi across six host species in northern Thailand",Fungal Diversity,Q1,2024,99,1,10.1007/s13225-025-00562-1,2-s2.0-105017872455,co_author,SDG 15 Life on Land
Biology,Bioscience,Adjunct Prof. Dr. Kevin Hyde,2025,The addition of six novel species and a new record of Amphisphaeria from northern Thailand,Mycokeys,Q1,2024,84,0,10.3897/mycokeys.125.163523,2-s2.0-105025243493,co_author,SDG 15 Life on Land
Biology,Bioscience,Adjunct Prof. Dr. Kevin Hyde,2025,"The crucial roles of ascomycetes in wood litter decomposition: Current knowledge, diversity and function",Scienceasia,Q2,2024,53,0,10.2306/scienceasia1513-1874.2025.s014,2-s2.0-105010042107,co_author,
Biology,Bioscience,Adjunct Prof. Dr. Kevin Hyde,2025,The polyphasic approach reveals ten novel and one known Ascomycota taxa from terrestrial agarwood-producing trees,Journal of Systematics and Evolution,Q1,2024,92,13,10.1111/jse.13128,2-s2.0-105001071638,co_author,SDG 15 Life on Land
Biology,Bioscience,Adjunct Prof. Dr. Kevin Hyde,2025,"The polyphasic approach reveals two new species and two new records of Nigrospora (Apiosporaceae, Amphisphaeriales) associated with Aquilaria sinensis from China",Mycokeys,Q1,2024,84,1,10.3897/mycokeys.121.154055,2-s2.0-105014452786,co_author,SDG 15 Life on Land
Biology,Bioscience,Adjunct Prof. Dr. Kevin Hyde,2025,Three New Records of Pathogens Causing Stem Blight on Vaccinium corymbosum in China,Plants,Q1,2024,91,1,10.3390/plants14050647,2-s2.0-86000549509,co_author,
Biology,Bioscience,Adjunct Prof. Dr. Kevin Hyde,2025,"Three new asexual Kirschsteiniothelia species from Guizhou Province, China",Mycokeys,Q1,2024,84,8,10.3897/mycokeys.113.139427,2-s2.0-85216946332,co_author,SDG 15 Life on Land
Biology,Bioscience,Adjunct Prof. Dr. Kevin Hyde,2025,Three new records of Didymosphaeriaceae from Southwest China,Phytotaxa,Q3,2024,41,0,10.11646/phytotaxa.710.1.6,2-s2.0-105010451045,co_author,
Biology,Bioscience,Adjunct Prof. Dr. Kevin Hyde,2025,"Three new species and one new record of Scleroderma (Sclerodermataceae, Boletales) from northern Thailand",Mycokeys,Q1,2024,84,1,10.3897/mycokeys.123.160438,2-s2.0-105019674847,co_author,SDG 15 Life on Land
Biology,Bioscience,Adjunct Prof. Dr. Kevin Hyde,2025,"Three new species of Dicephalospora (Leotiomycetes, Helotiales) from Northern Thailand and Southwestern China",Mycokeys,Q1,2024,84,5,10.3897/mycokeys.115.143994,2-s2.0-86000540154,co_author,SDG 15 Life on Land
Biology,Bioscience,Adjunct Prof. Dr. Kevin Hyde,2025,"Three new species of Ophiocordyceps (Hypocreales, Ophiocordycipitaceae) and a new host record for Hirsutella vermicola from China",Mycokeys,Q1,2024,84,6,10.3897/mycokeys.117.144875,2-s2.0-105005889745,co_author,SDG 15 Life on Land
Biology,Bioscience,Adjunct Prof. Dr. Kevin Hyde,2025,Towards an integrative morpho-molecular classification of the Lulworthiomycetidae,Mycosphere,Q1,2024,98,3,10.5943/MYCOSPHERE/16/1/2,2-s2.0-105000852543,co_author,
Biology,Bioscience,Adjunct Prof. Dr. Kevin Hyde,2025,"Trichopezizella xizangensis (Solenopeziaceae, Helotiales), a new species from Xizang, China",Phytotaxa,Q3,2024,41,1,10.11646/phytotaxa.734.3.3,2-s2.0-105026143501,co_author,SDG 15 Life on Land
Biology,Bioscience,Adjunct Prof. Dr. Kevin Hyde,2025,"Two new and one new morph record of Calycina (Pezizellaceae, Helotiales) species from Southwestern China",Mycokeys,Q1,2024,84,4,10.3897/mycokeys.122.158883,2-s2.0-105015392350,co_author,SDG 15 Life on Land
Biology,Bioscience,Adjunct Prof. Dr. Kevin Hyde,2025,"Two new species and one asexual morph record of Paraisaria (Ophiocordycipitaceae, Hypocreales) from China",Mycokeys,Q1,2024,84,0,10.3897/mycokeys.121.156843,2-s2.0-105018709216,co_author,SDG 15 Life on Land
Biology,Bioscience,Adjunct Prof. Dr. Kevin Hyde,2025,"Two new species of Ijuhya (Ijuhyaceae, Hypocreales) from ferns in tropical China",New Zealand Journal of Botany,Q2,2024,57,2,10.1080/0028825X.2024.2435963,2-s2.0-105001499405,co_author,SDG 15 Life on Land
Biology,Bioscience,Adjunct Prof. Dr. Kevin Hyde,2025,"Two new species of Puccinia (Pucciniaceae, Pucciniales) from herbaceous plants in Yunnan Province, China",Phytotaxa,Q3,2024,41,1,10.11646/phytotaxa.694.1.2,2-s2.0-105000371200,co_author,SDG 15 Life on Land
Biology,Bioscience,Adjunct Prof. Dr. Kevin Hyde,2025,Two novel hyphomycetes associated with ferns from China,Mycokeys,Q1,2024,84,4,10.3897/mycokeys.113.137678,2-s2.0-85217112472,co_author,
Biology,Bioscience,Adjunct Prof. Dr. Kevin Hyde,2025,Two novel species of Hermatomyces (Dothideomycetes) from Fagales in China,Mycological Progress,Q1,2024,85,1,10.1007/s11557-025-02105-z,2-s2.0-105022116323,co_author,SDG 15 Life on Land
Biology,Bioscience,Adjunct Prof. Dr. Kevin Hyde,2025,Unveiling Sordariomycetes taxa associated with woody litter in Northern Thailand,Mycokeys,Q1,2024,84,1,10.3897/mycokeys.115.145330,2-s2.0-105000248347,co_author,
Biology,Bioscience,Adjunct Prof. Dr. Kevin Hyde,2025,"Unveiling a novel Zopfiella species (Lasiosphaeriaceae, Sordariales): morphological characteristics and multigene phylogeny from Carex sp., (Cyperaceae) in Thailand",New Zealand Journal of Botany,Q2,2024,57,1,10.1080/0028825X.2025.2488389,2-s2.0-105004269353,co_author,SDG 15 Life on Land
Biology,Bioscience,Adjunct Prof. Dr. Kevin Hyde,2025,"Unveiling four new taxa and Nigrosynnema natarajanensis comb. nov. in Stachybotryaceae (Hypocreales) from monocotyledon plants in Guangdong Province, China",Mycokeys,Q1,2024,84,1,10.3897/mycokeys.114.139325,2-s2.0-86000162525,co_author,
Biology,Bioscience,Adjunct Prof. Dr. Kevin Hyde,2025,Unveiling fungal diversity associated with coffee trees in China using a polyphasic approach and a global review of coffee saprobic fungi,IMA Fungus,Q1,2024,96,13,10.3897/imafungus.16.144874,2-s2.0-105018309457,co_author,SDG 2 Zero Hunger; SDG 15 Life on Land
Biology,Bioscience,Adjunct Prof. Dr. Kevin Hyde,2025,"Unveiling fungal diversity: a novel species of Proliferodiscus (Lachnaceae, Helotiales) discovered in China",Phytotaxa,Q3,2024,41,5,10.11646/phytotaxa.682.3.3,2-s2.0-85215970629,co_author,SDG 15 Life on Land
Biology,Bioscience,Adjunct Prof. Dr. Kevin Hyde,2025,"Updating the diversity: three novel species of Triblidium (Triblidiaceae, Rhytismatales) in west Yunnan, China",Mycokeys,Q1,2024,84,3,10.3897/mycokeys.121.165642,2-s2.0-105018712406,co_author,SDG 15 Life on Land
Biology,Bioscience,Adjunct Prof. Dr. Kevin Hyde,2025,"Xylolentia bambusae (Rhamphoriaceae, Rhamphoriales), a novel species associated with dead bamboo in Guangdong Province, China",Phytotaxa,Q3,2024,41,2,10.11646/phytotaxa.681.2.6,2-s2.0-85214830900,co_author,SDG 15 Life on Land
Biology,Bioscience,Adjunct Prof. Dr. Kevin Hyde,2024,A comprehensive overview of genera in Dothideomycetes,Mycosphere,Q1,2024,98,41,10.5943/MYCOSPHERE/15/1/18,2-s2.0-85209126594,co_author,
Biology,Bioscience,Adjunct Prof. Dr. Kevin Hyde,2024,"A new endophytic species, Diaporthe litseae, from medicinal plants in Guizhou Province, China",Phytotaxa,Q3,2024,41,1,10.11646/phytotaxa.665.3.6,2-s2.0-85204965400,co_author,SDG 15 Life on Land
Biology,Bioscience,Adjunct Prof. Dr. Kevin Hyde,2024,"A new species of Flabellascoma and a new record of Biappendiculispora japonica (Lophiostomataceae, Dothideomycetes) from Yunnan Province, China",Phytotaxa,Q3,2024,41,0,10.11646/phytotaxa.634.2.1,2-s2.0-85184881864,co_author,SDG 15 Life on Land
Biology,Bioscience,Adjunct Prof. Dr. Kevin Hyde,2024,A novel species and a new geographical record of Nigropunctata from Bambusa vulgaris in northern Thailand,Phytotaxa,Q3,2024,41,3,10.11646/phytotaxa.676.2.4,2-s2.0-85211593154,co_author,SDG 15 Life on Land
Biology,Bioscience,Adjunct Prof. Dr. Kevin Hyde,2024,"Additions to Dictyosporiaceae: Neoxylochrysis typhicola comb. et gen. nov., Two New Species and Four New Host Records from Medicinal Plants in Southwestern China",Journal of Fungi,Q1,2024,92,4,10.3390/jof10120872,2-s2.0-85213256269,co_author,SDG 15 Life on Land
Biology,Bioscience,Adjunct Prof. Dr. Kevin Hyde,2024,"Additions to the genus Kirschsteiniothelia (Dothideomycetes); Three novel species and a new host record, based on morphology and phylogeny",Mycokeys,Q1,2024,84,8,10.3897/mycokeys.110.133450,2-s2.0-85208732021,co_author,SDG 15 Life on Land
Biology,Bioscience,Adjunct Prof. Dr. Kevin Hyde,2024,Airborne DNA reveals predictable spatial and seasonal dynamics of fungi,Nature,Q1,2024,99,52,10.1038/s41586-024-07658-9,2-s2.0-85198111324,co_author,SDG 15 Life on Land
Biology,Bioscience,Adjunct Prof. Dr. Kevin Hyde,2024,Antibacterial and antioxidant activity of the ethyl acetate extract of two strains of Thai Laetiporus sulphureus mushroom,Food Research,Q3,2024,33,3,10.26656/fr.2017.8(5).175,2-s2.0-85209642579,co_author,SDG 2 Zero Hunger; SDG 3 Good Health and Well-being
Biology,Bioscience,Adjunct Prof. Dr. Kevin Hyde,2024,"Assigning Xiuguozhangia (genus incertae sedis) to Pseudoberkleasmiaceae (Dothideomycetes, Pleosporomycetidae, Pleosporales) and introducing X. broussonetiae as a novel species",Mycokeys,Q1,2024,84,1,10.3897/mycokeys.111.136202,2-s2.0-85213697652,co_author,SDG 15 Life on Land
Biology,Bioscience,Adjunct Prof. Dr. Kevin Hyde,2024,Bioactive Bioxanthracene and Cyclodepsipeptides from the Entomopathogenic Fungus Blackwellomyces roseostromatus BCC56290,Antibiotics,Q1,2024,96,4,10.3390/antibiotics13070585,2-s2.0-85199605272,co_author,
Biology,Bioscience,Adjunct Prof. Dr. Kevin Hyde,2024,"Brachysporium sinense, a new species from a plateau lake in Yunnan Province, China",Phytotaxa,Q3,2024,41,0,10.11646/phytotaxa.668.2.5,2-s2.0-85207733050,co_author,SDG 15 Life on Land
Biology,Bioscience,Adjunct Prof. Dr. Kevin Hyde,2024,Classes and phyla of the kingdom Fungi,Fungal Diversity,Q1,2024,99,52,10.1007/s13225-024-00540-z,2-s2.0-85207293710,co_author,SDG 15 Life on Land
Biology,Bioscience,Adjunct Prof. Dr. Kevin Hyde,2024,"Correction to: Diversity of Rhizophydiales (Chytridiomycota) in Thailand: unveiling the hidden gems of the Kingdom (IMA Fungus, (2024), 15, 1, (17), 10.1186/s43008-024-00144-x)",IMA Fungus,Q1,2024,96,0,10.1186/s43008-024-00173-6,2-s2.0-85212180300,co_author,
Biology,Bioscience,Adjunct Prof. Dr. Kevin Hyde,2024,Cultures as types and the utility of viable specimens for fungal nomenclature,IMA Fungus,Q1,2024,96,3,10.1186/s43008-024-00155-8,2-s2.0-85199529416,co_author,SDG 15 Life on Land
Biology,Bioscience,Adjunct Prof. Dr. Kevin Hyde,2024,Current Research in Applied and Environmental Mycology Fungal Profiles 1–30,Current Research in Environmental and Applied Mycology,Q2,2024,51,7,10.5943/cream/14/1/11,2-s2.0-85210949626,first_author,SDG 15 Life on Land
Biology,Bioscience,Adjunct Prof. Dr. Kevin Hyde,2024,"Current trends, limitations and future research in the fungi?",Fungal Diversity,Q1,2024,99,99,10.1007/s13225-023-00532-5,2-s2.0-85188190597,first_author,SDG 15 Life on Land
Biology,Bioscience,Adjunct Prof. Dr. Kevin Hyde,2024,Cytotoxic Polyhydroxy-Isoprenoids from Neodidymelliopsis negundinis,Journal of Natural Products,Q1,2024,86,7,10.1021/acs.jnatprod.3c01094,2-s2.0-85185597079,co_author,
Biology,Bioscience,Adjunct Prof. Dr. Kevin Hyde,2024,Diversity of Pleosporalean Fungi Isolated from Rice (Oryza sativa L.) in Northern Thailand and Descriptions of Five New Species,Journal of Fungi,Q1,2024,92,9,10.3390/jof10110763,2-s2.0-85210263479,co_author,SDG 2 Zero Hunger; SDG 15 Life on Land
Biology,Bioscience,Adjunct Prof. Dr. Kevin Hyde,2024,Diversity of Rhizophydiales (Chytridiomycota) in Thailand: unveiling the hidden gems of the Kingdom,IMA Fungus,Q1,2024,96,5,10.1186/s43008-024-00144-x,2-s2.0-85197459599,co_author,
Biology,Bioscience,Adjunct Prof. Dr. Kevin Hyde,2024,Do all fungi have ancestors with endophytic lifestyles?,Fungal Diversity,Q1,2024,99,94,10.1007/s13225-023-00516-5,2-s2.0-85149922532,co_author,SDG 15 Life on Land
Biology,Bioscience,Adjunct Prof. Dr. Kevin Hyde,2024,"Exploring fungi: a taxonomic and phylogenetic study of leaf-inhabiting Ascomycota in Musa species from northern Thailand, with a global checklist",Mycosphere,Q1,2024,98,12,10.5943/MYCOSPHERE/15/1/17,2-s2.0-85209153341,co_author,SDG 15 Life on Land
Biology,Bioscience,Adjunct Prof. Dr. Kevin Hyde,2024,Fungal diversity notes 1717–1817: taxonomic and phylogenetic contributions on genera and species of fungal taxa,Fungal Diversity,Q1,2024,99,104,10.1007/s13225-023-00529-0,2-s2.0-85185127467,co_author,SDG 15 Life on Land
Biology,Bioscience,Adjunct Prof. Dr. Kevin Hyde,2024,Fungal numbers: global needs for a realistic assessment,Fungal Diversity,Q1,2024,99,43,10.1007/s13225-024-00545-8,2-s2.0-85208492911,first_author,SDG 15 Life on Land
Biology,Bioscience,Adjunct Prof. Dr. Kevin Hyde,2024,"Global Spore Sampling Project: A global, standardized dataset of airborne fungal DNA",Scientific Data,Q1,2024,96,20,10.1038/s41597-024-03410-0,2-s2.0-85194993972,co_author,SDG 15 Life on Land
Biology,Bioscience,Adjunct Prof. Dr. Kevin Hyde,2024,"Insights into the genus Xeromphalina, X. tenuipes (Schwein.) A.H. Sm. complex and discovery of a novel species, X. pseudotenuipes from Thailand",Phytotaxa,Q3,2024,41,1,10.11646/phytotaxa.666.3.1,2-s2.0-85207306341,co_author,SDG 15 Life on Land
Biology,Bioscience,Adjunct Prof. Dr. Kevin Hyde,2024,"Introducing a new species, Vaginatispora acrostichi (Lophiostomataceae), based on morphology and multigene phylogeny",Botanica Marina,Q2,2024,56,3,10.1515/bot-2024-0008,2-s2.0-85198382907,co_author,SDG 15 Life on Land
Biology,Bioscience,Adjunct Prof. Dr. Kevin Hyde,2024,"Introducing palmfungi.org, an integrated fungal-host data platform",Biodiversity Data Journal,Q2,2024,51,3,10.3897/BDJ.12.E126553,2-s2.0-85206670315,co_author,SDG 15 Life on Land
Biology,Bioscience,Adjunct Prof. Dr. Kevin Hyde,2024,Lachnuoic Acids A−F: Ambuic Acid Congeners from a Saprotrophic Lachnum Species,Chemistry and Biodiversity,Q2,2024,51,6,10.1002/cbdv.202400385,2-s2.0-85187907619,co_author,SDG 15 Life on Land
Biology,Bioscience,Adjunct Prof. Dr. Kevin Hyde,2024,"Lignicolous freshwater fungi from China Ⅳ: Morphology and phylogeny reveal new species of Pleosporales from plateau lakes in Yunnan Province, China",Mycosphere,Q1,2024,98,26,10.5943/MYCOSPHERE/15/1/28,2-s2.0-85214561888,co_author,SDG 6 Clean Water and Sanitation; SDG 15 Life on Land
Biology,Bioscience,Adjunct Prof. Dr. Kevin Hyde,2024,"Lignicolous freshwater fungi from karst landscapes in Yunnan Province, China",Mycosphere,Q1,2024,98,25,10.5943/MYCOSPHERE/15/1/29,2-s2.0-85214584513,co_author,SDG 6 Clean Water and Sanitation; SDG 15 Life on Land
Biology,Bioscience,Adjunct Prof. Dr. Kevin Hyde,2024,"Longistipes gen. nov. and four novel species of Hyphodiscaceae, along with six new collections of Leotiomycetes in Yunnan Province, China",Mycosphere,Q1,2024,98,11,10.5943/MYCOSPHERE/15/1/20,2-s2.0-85209129329,co_author,SDG 15 Life on Land
Biology,Bioscience,Adjunct Prof. Dr. Kevin Hyde,2024,"Melomastia (Dothideomycetes, Ascomycota) species associated with Chinese Aquilaria spp",Mycokeys,Q1,2024,84,4,10.3897/mycokeys.111.137898,2-s2.0-85211440799,co_author,SDG 15 Life on Land
Biology,Bioscience,Adjunct Prof. Dr. Kevin Hyde,2024,"Morpho-molecular characterization of two Pleosporales species, Montagnula thevetiae and Thyridaria thailandica sp.nov.in northern Thailand",Phytotaxa,Q3,2024,41,0,10.11646/phytotaxa.676.2.3,2-s2.0-85211578742,co_author,SDG 15 Life on Land
Biology,Bioscience,Adjunct Prof. Dr. Kevin Hyde,2024,"Morphology and Multi-Gene Phylogeny Reveal a New Species of Family Torulaceae from Yunnan Province, China",Diversity,Q1,2024,77,6,10.3390/d16090551,2-s2.0-85205104364,co_author,SDG 15 Life on Land
Biology,Bioscience,Adjunct Prof. Dr. Kevin Hyde,2024,"Morphology and multi-gene phylogeny reveal a new Brunneofusispora species from coffee in Yunnan Province, China",Phytotaxa,Q3,2024,41,3,10.11646/phytotaxa.634.1.2,2-s2.0-85184802793,co_author,SDG 2 Zero Hunger; SDG 15 Life on Land
Biology,Bioscience,Adjunct Prof. Dr. Kevin Hyde,2024,"Morphology and multigene phylogeny reveal three new species of Distoseptispora (Distoseptisporales, Distoseptisporaceae) on palms (Arecaceae) from peatswamp areas in southern Thailand",Mycokeys,Q1,2024,84,13,10.3897/mycokeys.102.112815,2-s2.0-85185259429,co_author,SDG 15 Life on Land
Biology,Bioscience,Adjunct Prof. Dr. Kevin Hyde,2024,"Morphology, phylogeny, and polyurethane degrading ability of Lasiodiplodia iraniensis and Mortierella alpina",New Zealand Journal of Botany,Q2,2024,57,10,10.1080/0028825X.2023.2298926,2-s2.0-85184252580,co_author,SDG 15 Life on Land
Biology,Bioscience,Adjunct Prof. Dr. Kevin Hyde,2024,"Multigene phylogeny, taxonomy, and potential biological properties of Pseudoroussoella and Neoroussoella species (Roussoellaceae, Dothideomycetes) from Asteraceae weeds in northern Thailand",Mycokeys,Q1,2024,84,4,10.3897/mycokeys.111.136922,2-s2.0-85214274422,co_author,SDG 15 Life on Land
Biology,Bioscience,Adjunct Prof. Dr. Kevin Hyde,2024,Mycosphere Notes 469–520,Mycosphere,Q1,2024,98,29,10.5943/MYCOSPHERE/15/1/11,2-s2.0-85206698690,first_author,
Biology,Bioscience,Adjunct Prof. Dr. Kevin Hyde,2024,New Insights into Tetraplosphaeriaceae Based on Taxonomic Investigations of Bambusicolous Fungi and Freshwater Fungi,Journal of Fungi,Q1,2024,92,7,10.3390/jof10050319,2-s2.0-85194363700,co_author,SDG 6 Clean Water and Sanitation; SDG 15 Life on Land
Biology,Bioscience,Adjunct Prof. Dr. Kevin Hyde,2024,New species and new records of plant pathogenic fungi from northern Thailand,Asian Journal of Mycology,Q3,2024,48,1,10.5943/ajom/7/2/10,2-s2.0-85213368816,co_author,SDG 15 Life on Land
Biology,Bioscience,Adjunct Prof. Dr. Kevin Hyde,2024,"Novel Helicoma and Neohelicosporium (Tubeufiaceae, Tubeufiales) species and two new host records of Helicoma on tropical palms (Arecaceae) from China",Mycokeys,Q1,2024,84,4,10.3897/mycokeys.108.128889,2-s2.0-85204448524,co_author,SDG 15 Life on Land
Biology,Bioscience,Adjunct Prof. Dr. Kevin Hyde,2024,"Novel Hosts, Geographical Records, and A Global Checklist of molecularly confirmed Periconia species",Phytotaxa,Q3,2024,41,2,10.11646/phytotaxa.674.1.2,2-s2.0-85210925177,co_author,SDG 15 Life on Land
Biology,Bioscience,Adjunct Prof. Dr. Kevin Hyde,2024,Novel discoveries of Xylariomycetidae (Ascomycota) taxa from peat swamp forests and other terrestrial habitats in Thailand,Mycokeys,Q1,2024,84,6,10.3897/mycokeys.107.127749,2-s2.0-85202028848,co_author,SDG 15 Life on Land
Biology,Bioscience,Adjunct Prof. Dr. Kevin Hyde,2024,"Novel species, morpho-molecular identification and pathogenicity of Allophoma (Didymellacaeae) causing leaf spots of true mangroves and mangrove associates in Thailand",Plant Pathology,Q1,2024,90,6,10.1111/ppa.13928,2-s2.0-85194577724,co_author,SDG 14 Life Below Water; SDG 15 Life on Land
Biology,Bioscience,Adjunct Prof. Dr. Kevin Hyde,2024,"Paramirandina guttulata (Microthyriaceae, Microthyriales), a new lignicolous freshwater fungi from a plateau lake in Yunnan Province, China",Biodiversity Data Journal,Q2,2024,51,1,10.3897/BDJ.12.e137989,2-s2.0-85210547431,co_author,SDG 6 Clean Water and Sanitation; SDG 15 Life on Land
Biology,Bioscience,Adjunct Prof. Dr. Kevin Hyde,2024,Pathogenicity and molecular phylogenetic analysis reveal Colletotrichum siamense as causal agent of leaf fall disease in rubber trees (Hevea brasiliensis) in southern Thailand,Agriculture and Natural Resources,Q3,2024,44,4,10.34044/j.anres.2024.58.1.06,2-s2.0-85187408437,co_author,SDG 2 Zero Hunger; SDG 3 Good Health and Well-being
Biology,Bioscience,Adjunct Prof. Dr. Kevin Hyde,2024,"Phlyctema yunnanensis (Dermateaceae, Helotiales), a novel species from herbaceous plants in grassland ecosystems of Yunnan, China",Studies in Fungi,Q2,2024,62,4,10.48130/sif-0024-0020,2-s2.0-85215395481,co_author,SDG 15 Life on Land
Biology,Bioscience,Adjunct Prof. Dr. Kevin Hyde,2024,"Phyllosticta taxa (Botryosphaeriales, Phyllostictaceae) from northern Thailand and southern European Russia: New host and geographical records",Phytotaxa,Q3,2024,41,6,10.11646/phytotaxa.637.3.1,2-s2.0-85185823077,co_author,
Biology,Bioscience,Adjunct Prof. Dr. Kevin Hyde,2024,Polyphasic identification of two novel Colletotrichum species causing leaf spots on mangroves in Thailand,European Journal of Plant Pathology,Q1,2024,80,16,10.1007/s10658-024-02819-y,2-s2.0-85183410929,co_author,SDG 15 Life on Land
Biology,Bioscience,Adjunct Prof. Dr. Kevin Hyde,2024,"Recommendations on approving the name ""Entomosporium"", with a new species, E. dichotomanthes from China (Leotiomycetes, Drepanopezizaceae)",Mycokeys,Q1,2024,84,1,10.3897/mycokeys.107.121962,2-s2.0-85199430126,co_author,SDG 15 Life on Land
Biology,Bioscience,Adjunct Prof. Dr. Kevin Hyde,2024,Redefining phylogenetic placements of Hyphodiscosia: integrative taxonomic insights based on morphological and phylogenetic analyses,Phytotaxa,Q3,2024,41,2,10.11646/phytotaxa.670.1.2,2-s2.0-85208266292,co_author,
Biology,Bioscience,Adjunct Prof. Dr. Kevin Hyde,2024,Saprobic ascomycetes associated with woody litter from the Greater Mekong Subregion (Southwestern China and Northern Thailand),Mycosphere,Q1,2024,98,14,10.5943/MYCOSPHERE/15/1/8,2-s2.0-85207359966,co_author,
Biology,Bioscience,Adjunct Prof. Dr. Kevin Hyde,2024,"Savoryella claviformis (Savoryellaceae), a new freshwater hyphomycetous species from the Tibetan Plateau, China",Studies in Fungi,Q2,2024,62,3,10.48130/sif-0024-0009,2-s2.0-85199981496,co_author,SDG 6 Clean Water and Sanitation; SDG 15 Life on Land
Biology,Bioscience,Adjunct Prof. Dr. Kevin Hyde,2024,Sexual and asexual morphs of a new Apiospora (Apiosporaceae) species on bamboo from northern Thailand,Current Research in Environmental and Applied Mycology,Q2,2024,51,0,10.5943/cream/14/1/12,2-s2.0-85211484156,co_author,SDG 15 Life on Land
Biology,Bioscience,Adjunct Prof. Dr. Kevin Hyde,2024,"Sexual morph of Allophoma tropica and Didymella coffeae-arabicae (Didymellaceae, Pleosporales, Dothidiomycetes), including novel host records from leaf litter in Thailand",New Zealand Journal of Botany,Q2,2024,57,5,10.1080/0028825X.2023.2272957,2-s2.0-85176226899,co_author,
Biology,Bioscience,Adjunct Prof. Dr. Kevin Hyde,2024,"Species diversity of fungal pathogens on cultivated mushrooms: a case study on morels (Morchella, Pezizales)",Fungal Diversity,Q1,2024,99,25,10.1007/s13225-023-00531-6,2-s2.0-85186552567,co_author,SDG 15 Life on Land
Biology,Bioscience,Adjunct Prof. Dr. Kevin Hyde,2024,"Study on the diversity of rust pathogens from different hosts in Guizhou Province, China",Mycosphere,Q1,2024,98,10,10.5943/mycosphere/15/1/4,2-s2.0-85194760855,co_author,
Biology,Bioscience,Adjunct Prof. Dr. Kevin Hyde,2024,Taxonomic and phylogenetic assessment of selected fungal pathogens associated with banana fruits in the local markets of northern Thailand,European Journal of Plant Pathology,Q1,2024,80,2,10.1007/s10658-024-02842-z,2-s2.0-85189205918,co_author,SDG 15 Life on Land
Biology,Bioscience,Adjunct Prof. Dr. Kevin Hyde,2024,Taxonomic novelties of soil-inhabiting pleosporalean fungi in Thailand using baiting method,Phytotaxa,Q3,2024,41,2,10.11646/phytotaxa.676.1.1,2-s2.0-85211250961,co_author,SDG 2 Zero Hunger; SDG 15 Life on Land
Biology,Bioscience,Adjunct Prof. Dr. Kevin Hyde,2024,"Taxonomic novelty in Pleomonodictydaceae and new reports for Ampelomyces quisqualis (Phaeosphaeriaceae), Melomastia maolanensis and M. oleae (Pleurotremataceae)",Mycokeys,Q1,2024,84,1,10.3897/mycokeys.111.135456,2-s2.0-85213697464,co_author,
Biology,Bioscience,Adjunct Prof. Dr. Kevin Hyde,2024,Taxonomy and phylogeny of ascomycetes associated with selected economically important monocotyledons in China and Thailand,Mycosphere,Q1,2024,98,62,10.5943/mycosphere/15/1/1,2-s2.0-85194731055,co_author,SDG 15 Life on Land
Biology,Bioscience,Adjunct Prof. Dr. Kevin Hyde,2024,Taxonomy and systematics of lignicolous helicosporous hyphomycetes,Fungal Diversity,Q1,2024,99,30,10.1007/s13225-024-00544-9,2-s2.0-85212228156,co_author,SDG 15 Life on Land
Biology,Bioscience,Adjunct Prof. Dr. Kevin Hyde,2024,The 2024 Outline of Fungi and fungus-like taxa,Mycosphere,Q1,2024,98,292,10.5943/MYCOSPHERE/15/1/25,2-s2.0-85207293386,first_author,SDG 15 Life on Land
Biology,Bioscience,Adjunct Prof. Dr. Kevin Hyde,2024,The fungal strain promotes rapid agarwood resin production with medicinally accepted agarotetrol level,Food Bioscience,Q1,2024,77,7,10.1016/j.fbio.2024.105535,2-s2.0-85209999212,co_author,SDG 2 Zero Hunger; SDG 15 Life on Land
Biology,Bioscience,Adjunct Prof. Dr. Kevin Hyde,2024,"Three New Periconia Species Isolated from Wurfbainia villosa in Guangdong, China: A Discussion on the Doubtful Taxa Clustering in this Genus",Diversity,Q1,2024,77,13,10.3390/d16030141,2-s2.0-85188715827,co_author,SDG 15 Life on Land
Biology,Bioscience,Adjunct Prof. Dr. Kevin Hyde,2024,"Three new species of Neohelicomyces (Tubeufiales, Tubeufiaceae) from freshwater and terrestrial habitats in China",Mycokeys,Q1,2024,84,15,10.3897/mycokeys.105.124129,2-s2.0-85196307137,co_author,SDG 6 Clean Water and Sanitation; SDG 15 Life on Land
Biology,Bioscience,Adjunct Prof. Dr. Kevin Hyde,2024,"Two new species and a new host record of Pleosporales (Dothideomycetes) from palm (Arecaceae) in Guangdong Province, China",New Zealand Journal of Botany,Q2,2024,57,12,10.1080/0028825X.2023.2258583,2-s2.0-85173530185,co_author,SDG 15 Life on Land
Biology,Bioscience,Adjunct Prof. Dr. Kevin Hyde,2024,"Two new species of Parastagonospora and a new species of Phaeoseptoriella (Phaeosphaeriaceae, Pleosporales) from grasslands in Yunnan Province, China",Mycokeys,Q1,2024,84,4,10.3897/mycokeys.109.134136,2-s2.0-85207129938,co_author,SDG 15 Life on Land
Biology,Bioscience,Adjunct Prof. Dr. Kevin Hyde,2024,Understanding the role of bats as fungal vectors in the environment,IMA Fungus,Q1,2024,96,8,10.1186/s43008-024-00161-w,2-s2.0-85203053760,co_author,SDG 15 Life on Land
Biology,Bioscience,Adjunct Prof. Dr. Kevin Hyde,2024,"Unveiling the holomorph and novel host records of Shearia formosa (Longiostiolaceae, Pleosporales) in China",New Zealand Journal of Botany,Q2,2024,57,10,10.1080/0028825X.2023.2267775,2-s2.0-85174244458,co_author,
Biology,Bioscience,Adjunct Prof. Dr. Kevin Hyde,2024,"Vamsapriya yadongensis sp.nov.(Vamsapriyaceae, Xylariales) from Southwestern China",Phytotaxa,Q3,2024,41,3,10.11646/phytotaxa.676.2.6,2-s2.0-85211601815,co_author,
Biology,Bioscience,Adjunct Prof. Dr. Kevin Hyde,2024,What are the 100 most cited fungal genera?,Studies in Mycology,Q1,2024,99,71,10.3114/sim.2024.108.01,2-s2.0-85200136342,co_author,SDG 15 Life on Land
Biology,Bioscience,Adjunct Prof. Dr. Kevin Hyde,2023,A novel coniothyrium-like genus in Coniothyriaceae (Pleosporales) from salt marsh ecosystems in Thailand,Studies in Fungi,Q2,2024,62,7,10.48130/SIF-2023-0006,2-s2.0-85158113126,co_author,SDG 15 Life on Land
Biology,Bioscience,Adjunct Prof. Dr. Kevin Hyde,2023,AJOM new records and collections of fungi: 151-200,Asian Journal of Mycology,Q3,2024,48,28,10.5943/ajom/6/2/7,2-s2.0-85178943012,co_author,SDG 15 Life on Land
Biology,Bioscience,Adjunct Prof. Dr. Kevin Hyde,2023,Acrocalymmaceae (Pleosporales) from freshwater habitats in Thailand with the introduction of Acrocalymma bilobatum sp. nov,Studies in Fungi,Q2,2024,62,14,10.48130/SIF-2023-0011,2-s2.0-85163319031,co_author,SDG 6 Clean Water and Sanitation; SDG 15 Life on Land
Biology,Bioscience,Adjunct Prof. Dr. Kevin Hyde,2023,"Addition to Microascales (Sordariomycetes, Ascomycota): Synnematotriadelphiaceae fam. nov., Triadelphia mukdahanensis sp. nov. (Triadelphiaceae) and the validation of Graphiaceae",Studies in Fungi,Q2,2024,62,4,10.48130/SIF-2023-0010,2-s2.0-85163397056,co_author,SDG 15 Life on Land
Biology,Bioscience,Adjunct Prof. Dr. Kevin Hyde,2023,Annotated notes on Diaporthe species,Mycosphere,Q1,2024,98,47,10.5943/mycosphere/14/1/12,2-s2.0-85175099469,co_author,SDG 15 Life on Land
Biology,Bioscience,Adjunct Prof. Dr. Kevin Hyde,2023,Appressoria-Producing Sordariomycetes Taxa Associated with Jasminum Species,Pathogens,Q1,2024,78,5,10.3390/pathogens12121407,2-s2.0-85180450377,co_author,SDG 15 Life on Land
Biology,Bioscience,Adjunct Prof. Dr. Kevin Hyde,2023,"Candida nivariensis, an emerging fungus causing peritonitis in a patient receiving peritoneal dialysis",Medical Mycology Case Reports,Q3,2024,48,4,10.1016/j.mmcr.2022.11.002,2-s2.0-85143963979,co_author,
Biology,Bioscience,Adjunct Prof. Dr. Kevin Hyde,2023,Diaporphasines E and F: New Polyketides from the Saprotrophic Fungus Lachnum sp. IW157 Growing on the Reed Grass Phragmites communis,ACS Omega,Q1,2024,77,4,10.1021/acsomega.3c05984,2-s2.0-85178018215,co_author,
Biology,Bioscience,Adjunct Prof. Dr. Kevin Hyde,2023,"Distoseptispora dipterocarpi sp. nov. (Distoseptisporaceae), a lignicolous fungus on decaying wood of Dipterocarpus in Thailand",Current Research in Environmental and Applied Mycology,Q2,2024,51,12,10.5943/cream/13/1/5,2-s2.0-85152707955,co_author,
Biology,Bioscience,Adjunct Prof. Dr. Kevin Hyde,2023,Endophytic fungi in green manure crops; friends or foe?,Mycosphere,Q1,2024,98,35,10.5943/mycosphere/14/1/1,2-s2.0-85150432982,co_author,SDG 15 Life on Land
Biology,Bioscience,Adjunct Prof. Dr. Kevin Hyde,2023,First Report of Colletotrichum fructicola Causing Fruit Rot and Leaf-Tip Dieback on Pineapple in Northern Thailand,Plants,Q1,2024,91,18,10.3390/plants12040971,2-s2.0-85149129716,co_author,
Biology,Bioscience,Adjunct Prof. Dr. Kevin Hyde,2023,"First Report of Colletotrichum fructicola, C. rhizophorae sp. nov. and C. thailandica sp. nov. on Mangrove in Thailand",Pathogens,Q1,2024,78,20,10.3390/pathogens12121436,2-s2.0-85180616168,co_author,SDG 14 Life Below Water
Biology,Bioscience,Adjunct Prof. Dr. Kevin Hyde,2023,Freshwater fungal biology,Mycosphere,Q1,2024,98,70,10.5943/mycosphere/14/1/4,2-s2.0-85153349317,co_author,SDG 6 Clean Water and Sanitation; SDG 15 Life on Land
Biology,Bioscience,Adjunct Prof. Dr. Kevin Hyde,2023,Freshwater fungi from karst landscapes in China and Thailand,Fungal Diversity,Q1,2024,99,142,10.1007/s13225-023-00514-7,2-s2.0-85149948527,co_author,SDG 6 Clean Water and Sanitation; SDG 15 Life on Land
Biology,Bioscience,Adjunct Prof. Dr. Kevin Hyde,2023,Fungal diversity notes 1611–1716: taxonomic and phylogenetic contributions on fungal genera and species emphasis in south China,Fungal Diversity,Q1,2024,99,90,10.1007/s13225-023-00523-6,2-s2.0-85176279236,co_author,SDG 15 Life on Land
Biology,Bioscience,Adjunct Prof. Dr. Kevin Hyde,2023,"Fungalpedia, an illustrated compendium of the fungi and fungus-like taxa",Mycosphere,Q1,2024,98,46,10.5943/MYCOSPHERE/14/1/22,2-s2.0-85186338574,first_author,SDG 15 Life on Land
Biology,Bioscience,Adjunct Prof. Dr. Kevin Hyde,2023,Genome-scale and multi-gene phylogenetic analyses of Colletotrichum spp. host preference and associated with medicinal plants,Mycosphere,Q1,2024,98,48,10.5943/mycosphere/14/si2/1,2-s2.0-85153724889,co_author,
Biology,Bioscience,Adjunct Prof. Dr. Kevin Hyde,2023,Global consortium for the classification of fungi and fungus-like taxa,Mycosphere,Q1,2024,98,19,10.5943/mycosphere/14/1/23,2-s2.0-85186344205,first_author,SDG 15 Life on Land
Biology,Bioscience,Adjunct Prof. Dr. Kevin Hyde,2023,Identification and characterization of Colletotrichum species associated with durian fruit in northern Thailand,Mycosphere,Q1,2024,98,20,10.5943/mycosphere/14/si2/2,2-s2.0-85153713996,co_author,SDG 15 Life on Land
Biology,Bioscience,Adjunct Prof. Dr. Kevin Hyde,2023,Identification and characterization of Colletotrichum species associated with ornamental plants in Southern China,Mycosphere,Q1,2024,98,33,10.5943/MYCOSPHERE/14/SI2/5,2-s2.0-85190376408,co_author,SDG 15 Life on Land
Biology,Bioscience,Adjunct Prof. Dr. Kevin Hyde,2023,"Integrative approach to species delimitation in Rhizophydiales: Novel species of Angulomyces, Gorgonomyces, and Terramyces from northern Thailand",Molecular Phylogenetics and Evolution,Q1,2024,90,1,10.1016/j.ympev.2023.107706,2-s2.0-85146616745,co_author,SDG 15 Life on Land
Biology,Bioscience,Adjunct Prof. Dr. Kevin Hyde,2023,"Introduction of two novel species of Hymenopellis (Agaricales, Physalacriaceae) from Thailand",Mycokeys,Q1,2024,84,2,10.3897/mycokeys.98.104517,2-s2.0-85170094018,co_author,SDG 15 Life on Land
Biology,Bioscience,Adjunct Prof. Dr. Kevin Hyde,2023,"Lasiodiplodia: Generic revision by providing molecular markers, geographical distribution and haplotype diversity",Mycosphere,Q1,2024,98,26,10.5943/mycosphere/14/1/14,2-s2.0-85195415998,co_author,
Biology,Bioscience,Adjunct Prof. Dr. Kevin Hyde,2023,"Lignicolous Freshwater Fungi from Plateau Lakes in China (I): Morphological and Phylogenetic Analyses Reveal Eight Species of Lentitheciaceae, Including New Genus, New Species and New Records",Journal of Fungi,Q1,2024,92,27,10.3390/jof9100962,2-s2.0-85175256263,co_author,SDG 6 Clean Water and Sanitation; SDG 15 Life on Land
Biology,Bioscience,Adjunct Prof. Dr. Kevin Hyde,2023,Morphology and Phylogeny Reveal Three Montagnula Species from China and Thailand,Plants,Q1,2024,91,15,10.3390/plants12040738,2-s2.0-85149105589,co_author,SDG 15 Life on Land
Biology,Bioscience,Adjunct Prof. Dr. Kevin Hyde,2023,Morphology and multigene phylogeny reveal ten novel taxa in Ascomycota from terrestrial palm substrates (Arecaceae) in Thailand,Mycosphere,Q1,2024,98,72,10.5943/mycosphere/14/1/2,2-s2.0-85150434175,co_author,SDG 15 Life on Land
Biology,Bioscience,Adjunct Prof. Dr. Kevin Hyde,2023,"Murichromolaenicola thailandensis sp. nov. (Phaeosphaeriaceae, Dothideomycetes) from Chromolaena odorata (Asteraceae) in northern Thailand",Phytotaxa,Q3,2024,41,4,10.11646/phytotaxa.618.2.2,2-s2.0-85176375477,co_author,
Biology,Bioscience,Adjunct Prof. Dr. Kevin Hyde,2023,Mycosphere notes 387–412 – novel species of fungal taxa from around the world,Mycosphere,Q1,2024,98,115,10.5943/mycosphere/14/1/8,2-s2.0-85162949350,first_author,SDG 15 Life on Land
Biology,Bioscience,Adjunct Prof. Dr. Kevin Hyde,2023,"Mycosphere notes 449–468: saprobic and endophytic fungi in China, Thailand, and Uzbekistan",Mycosphere,Q1,2024,98,39,10.5943/mycosphere/14/1/26,2-s2.0-85184826687,co_author,SDG 15 Life on Land
Biology,Bioscience,Adjunct Prof. Dr. Kevin Hyde,2023,"Neoostropa castaneae gen. et. sp. nov. (Stictidaceae, Ostropales) and a new report of Fitzroyomyces cyperacearum from China",Current Research in Environmental and Applied Mycology,Q2,2024,51,8,10.5943/cream/13/1/9,2-s2.0-85162959952,co_author,
Biology,Bioscience,Adjunct Prof. Dr. Kevin Hyde,2023,"Neotypification of Muyocopron dipterocarpi, a new host record on Zanthoxylum fagara (Rutaceae) and the potential for secondary metabolite production in Muyocopronaceae",Studies in Fungi,Q2,2024,62,6,10.48130/SIF-2023-0009,2-s2.0-85160435747,co_author,SDG 15 Life on Land
Biology,Bioscience,Adjunct Prof. Dr. Kevin Hyde,2023,Occurrence of Aspergillus chevalieri and A. niger on Herbal Tea and Their Potential to Produce Ochratoxin A (OTA),Diversity,Q1,2024,77,7,10.3390/d15121183,2-s2.0-85180659127,co_author,SDG 2 Zero Hunger
Biology,Bioscience,Adjunct Prof. Dr. Kevin Hyde,2023,Over the footprints of Italian mycology with emphasis on plant-associated Ascomycota,Current Research in Environmental and Applied Mycology,Q2,2024,51,9,10.5943/cream/13/1/11,2-s2.0-85163392334,co_author,SDG 15 Life on Land
Biology,Bioscience,Adjunct Prof. Dr. Kevin Hyde,2023,"Phylogeny and Morphology of Novel Species and New Collections Related to Sarcoscyphaceae (Pezizales, Ascomycota) from Southwestern China and Thailand",Biology,Q1,2024,91,7,10.3390/biology12010130,2-s2.0-85146762897,co_author,SDG 15 Life on Land
Biology,Bioscience,Adjunct Prof. Dr. Kevin Hyde,2023,Phyto-pathogenic fungi associated with tropical fruit crops in Thailand – 1,Current Research in Environmental and Applied Mycology,Q2,2024,51,8,10.5943/cream/13/1/14,2-s2.0-85162961007,co_author,SDG 15 Life on Land
Biology,Bioscience,Adjunct Prof. Dr. Kevin Hyde,2023,"Pleomorphic Dematiomelanomma yunnanense gen. et sp. nov. (Ascomycota, Melanommataceae) from grassland vegetation in Yunnan, China",Mycokeys,Q1,2024,84,8,10.3897/mycokeys.98.107093,2-s2.0-85170066043,co_author,SDG 15 Life on Land
Biology,Bioscience,Adjunct Prof. Dr. Kevin Hyde,2023,"Polycephalomycetaceae, a new family of clavicipitoid fungi segregates from Ophiocordycipitaceae",Fungal Diversity,Q1,2024,99,63,10.1007/s13225-023-00517-4,2-s2.0-85150478371,co_author,SDG 15 Life on Land
Biology,Bioscience,Adjunct Prof. Dr. Kevin Hyde,2023,"Profile of Bionectriaceae, Calcarisporiaceae, Hypocreaceae, Nectriaceae, Tilachlidiaceae, Ijuhyaceae fam. nov., Stromatonectriaceae fam. nov. and Xanthonectriaceae fam. nov",Fungal Diversity,Q1,2024,99,73,10.1007/s13225-022-00512-1,2-s2.0-85148508478,co_author,SDG 15 Life on Land
Biology,Bioscience,Adjunct Prof. Dr. Kevin Hyde,2023,Reviewing the contributions of macrofungi to forest ecosystem processes and services,Fungal Biology Reviews,Q1,2024,89,88,10.1016/j.fbr.2022.11.002,2-s2.0-85143727387,co_author,SDG 15 Life on Land
Biology,Bioscience,Adjunct Prof. Dr. Kevin Hyde,2023,Rhamphoriopsis hyalospora sp. nov. associated with decaying wood from China,Phytotaxa,Q3,2024,41,5,10.11646/phytotaxa.598.3.6,2-s2.0-85164622810,co_author,
Biology,Bioscience,Adjunct Prof. Dr. Kevin Hyde,2023,"Study of Optimal Conditions to Grow Thai Ganoderma, Fruiting Test, Proximate and Their Alpha Glucosidase Inhibitory Activity",Life,Q1,2024,95,14,10.3390/life13091887,2-s2.0-85172458252,co_author,
Biology,Bioscience,Adjunct Prof. Dr. Kevin Hyde,2023,Taxonomic Advances from Fungal Flora Associated with Ferns and Fern-like Hosts in Northern Thailand,Plants,Q1,2024,91,15,10.3390/plants12030683,2-s2.0-85147889058,co_author,SDG 15 Life on Land
Biology,Bioscience,Adjunct Prof. Dr. Kevin Hyde,2023,Taxonomic monograph of epifoliar fungi,Fungal Diversity,Q1,2024,99,27,10.1007/s13225-023-00522-7,2-s2.0-85169166127,co_author,SDG 15 Life on Land
Biology,Bioscience,Adjunct Prof. Dr. Kevin Hyde,2023,"Taxonomy, phylogeny and evolution of freshwater Hypocreomycetidae (Sordariomycetes)",Fungal Diversity,Q1,2024,99,66,10.1007/s13225-023-00521-8,2-s2.0-85166280719,co_author,SDG 6 Clean Water and Sanitation; SDG 15 Life on Land
Biology,Bioscience,Adjunct Prof. Dr. Kevin Hyde,2023,The contribution of fungi to the global economy,Fungal Diversity,Q1,2024,99,172,10.1007/s13225-023-00520-9,2-s2.0-85164501893,co_author,SDG 15 Life on Land
Biology,Bioscience,Adjunct Prof. Dr. Kevin Hyde,2023,Two new fungal genera (Diaporthales) found on Dipterocarpaceae in Thailand,Frontiers in Microbiology,Q1,2024,80,7,10.3389/fmicb.2023.1169052,2-s2.0-85162228378,co_author,SDG 15 Life on Land
Biology,Bioscience,Adjunct Prof. Dr. Kevin Hyde,2022,"Additions to Neopestalotiopsis (Amphisphaeriales, Sporocadaceae) fungi: two new species and one new host record from China",Biodiversity Data Journal,Q2,2024,51,10,10.3897/BDJ.10.e90709,2-s2.0-85140021895,co_author,SDG 15 Life on Land
Biology,Bioscience,Adjunct Prof. Dr. Kevin Hyde,2022,"An updated account of Fagales-inhabiting Italian Ascomycota and mycogeography, with additions to Pezizomycotina",Asian Journal of Mycology,Q3,2024,48,10,10.5943/ajom/5/2/7,2-s2.0-85163328115,co_author,SDG 15 Life on Land
Biology,Bioscience,Adjunct Prof. Dr. Kevin Hyde,2022,Changes in the Understanding of Fungal Diversity Based on Research in the Tropics,Chiang Mai Journal of Science,Q3,2024,49,20,10.12982/CMJS.2022.061,2-s2.0-85131805162,co_author,SDG 15 Life on Land
Biology,Bioscience,Adjunct Prof. Dr. Kevin Hyde,2022,Combination of morphological and molecular data support Pestalotiopsis eleutherococci (Sporocadaceae) as a new species,Phytotaxa,Q3,2024,41,8,10.11646/phytotaxa.566.1.6,2-s2.0-85141953560,co_author,SDG 15 Life on Land
Biology,Bioscience,Adjunct Prof. Dr. Kevin Hyde,2022,Comprehensive Review of Fungi on Coffee,Pathogens,Q1,2024,78,57,10.3390/pathogens11040411,2-s2.0-85130061080,co_author,SDG 2 Zero Hunger; SDG 15 Life on Land
Biology,Bioscience,Adjunct Prof. Dr. Kevin Hyde,2022,"Correction to: Predicting global numbers of teleomorphic ascomycetes (Fungal Diversity, (2022), 114, 1, (237-278), 10.1007/s13225-022-00498-w)",Fungal Diversity,Q1,2024,99,2,10.1007/s13225-022-00504-1,2-s2.0-85125425148,co_author,SDG 15 Life on Land
Biology,Bioscience,Adjunct Prof. Dr. Kevin Hyde,2022,"Crassiparies yunnanensis sp. nov. (Neohendersoniaceae, Pleosporales) from dead twigs of Coffea arabica in China",Phytotaxa,Q3,2024,41,9,10.11646/phytotaxa.543.4.4,2-s2.0-85140923153,co_author,
Biology,Bioscience,Adjunct Prof. Dr. Kevin Hyde,2022,Diaporthe: formalizing the species-group concept,Mycosphere,Q1,2024,98,87,10.5943/mycosphere/13/1/9,2-s2.0-85137365732,co_author,SDG 15 Life on Land
Biology,Bioscience,Adjunct Prof. Dr. Kevin Hyde,2022,"Diversity, molecular dating and ancestral characters state reconstruction of entomopathogenic fungi in Hypocreales",Mycosphere,Q1,2024,98,30,10.5943/mycosphere/si/1f/8,2-s2.0-85150455629,co_author,SDG 15 Life on Land
Biology,Bioscience,Adjunct Prof. Dr. Kevin Hyde,2022,Emerging Animal-Associated Fungal Diseases,Journal of Fungi,Q1,2024,92,38,10.3390/jof8060611,2-s2.0-85132145081,co_author,SDG 15 Life on Land
Biology,Bioscience,Adjunct Prof. Dr. Kevin Hyde,2022,Endophytic Fungi Associated with Coffee Leaves in China Exhibited In Vitro Antagonism against Fungal and Bacterial Pathogens,Journal of Fungi,Q1,2024,92,31,10.3390/jof8070698,2-s2.0-85133538792,co_author,SDG 2 Zero Hunger; SDG 15 Life on Land
Biology,Bioscience,Adjunct Prof. Dr. Kevin Hyde,2022,"Evolutionary relationships and allied species of Pyronemataceae, with segregation of the novel family Pyropyxidaceae",Mycosphere,Q1,2024,98,8,10.5943/mycosphere/si/1f/7,2-s2.0-85150442544,co_author,SDG 15 Life on Land
Biology,Bioscience,Adjunct Prof. Dr. Kevin Hyde,2022,Expanding the diversity of mucoralean fungi from northern Thailand: novel Backusella species from soil,Phytotaxa,Q3,2024,41,9,10.11646/phytotaxa.559.3.5,2-s2.0-85141978642,co_author,SDG 2 Zero Hunger; SDG 15 Life on Land
Biology,Bioscience,Adjunct Prof. Dr. Kevin Hyde,2022,Freshwater fungal numbers,Fungal Diversity,Q1,2024,99,114,10.1007/s13225-022-00503-2,2-s2.0-85129603697,co_author,SDG 6 Clean Water and Sanitation; SDG 15 Life on Land
Biology,Bioscience,Adjunct Prof. Dr. Kevin Hyde,2022,Fungal community succession on decomposing leaf litter across five phylogenetically related tree species in a subtropical forest,Fungal Diversity,Q1,2024,99,23,10.1007/s13225-022-00508-x,2-s2.0-85135360151,co_author,SDG 15 Life on Land
Biology,Bioscience,Adjunct Prof. Dr. Kevin Hyde,2022,Fungal diversity notes 1512–1610: taxonomic and phylogenetic contributions on genera and species of fungal taxa,Fungal Diversity,Q1,2024,99,142,10.1007/s13225-022-00513-0,2-s2.0-85149114551,co_author,SDG 15 Life on Land
Biology,Bioscience,Adjunct Prof. Dr. Kevin Hyde,2022,Fusarium Species Associated with Cherry Leaf Spot in China,Plants,Q1,2024,91,16,10.3390/plants11202760,2-s2.0-85140901983,co_author,SDG 15 Life on Land
Biology,Bioscience,Adjunct Prof. Dr. Kevin Hyde,2022,History of Thai Mycology and Resolution of Taxonomy for Thai Macrofungi Confused with Europe and American Names,Chiang Mai Journal of Science,Q3,2024,49,19,10.12982/CMJS.2022.052,2-s2.0-85131842770,co_author,SDG 15 Life on Land
Biology,Bioscience,Adjunct Prof. Dr. Kevin Hyde,2022,Large-scale genome investigations reveal insights into domestication of cultivated mushrooms,Mycosphere,Q1,2024,98,11,10.5943/mycosphere/si/1f/4,2-s2.0-85146869786,co_author,
Biology,Bioscience,Adjunct Prof. Dr. Kevin Hyde,2022,"Lasiodiplodia fici sp. nov., Causing Leaf Spot on Ficus altissima in China",Pathogens,Q1,2024,78,15,10.3390/pathogens11080840,2-s2.0-85137463793,co_author,
Biology,Bioscience,Adjunct Prof. Dr. Kevin Hyde,2022,"Lignicolous freshwater ascomycetes from Thailand: Introducing Dematipyriforma muriformis sp. nov., one new combination and two new records in Pleurotheciaceae",Mycokeys,Q1,2024,84,25,10.3897/mycokeys.93.87797,2-s2.0-85147335373,co_author,SDG 6 Clean Water and Sanitation
Biology,Bioscience,Adjunct Prof. Dr. Kevin Hyde,2022,Microfungi associated with ornamental palms: Byssosphaeria phoenicis sp. nov. (Melanommataceae) and Pseudocoleophoma rhapidis sp. nov. (Dictyosporiaceae) from south China,Phytotaxa,Q3,2024,41,16,10.11646/phytotaxa.568.2.2,2-s2.0-85141983299,co_author,
Biology,Bioscience,Adjunct Prof. Dr. Kevin Hyde,2022,"Morpho-molecular characterization of Brunneofissuraceae fam. nov., Cirsosia mangiferae sp. nov., and Asterina neomangiferae nom. nov",Mycological Progress,Q1,2024,85,8,10.1007/s11557-021-01767-9,2-s2.0-85126202565,co_author,
Biology,Bioscience,Adjunct Prof. Dr. Kevin Hyde,2022,"Morphology and multi-gene phylogeny reveal a new fungal genus and species from Hevea brasiliensis latex in Yunnan, China",Phytotaxa,Q3,2024,41,8,10.11646/phytotaxa.530.1.5,2-s2.0-85141952045,co_author,SDG 15 Life on Land
Biology,Bioscience,Adjunct Prof. Dr. Kevin Hyde,2022,"Morphology, phylogeny, host association and geography of fungi associated with plants of Annonaceae, Apocynaceae and Magnoliaceae",Mycosphere,Q1,2024,98,75,10.5943/MYCOSPHERE/13/1/12,2-s2.0-85148727625,co_author,SDG 15 Life on Land
Biology,Bioscience,Adjunct Prof. Dr. Kevin Hyde,2022,Mycosphere notes 345–386,Mycosphere,Q1,2024,98,62,10.5943/mycosphere/13/1/3,2-s2.0-85131081787,co_author,
Biology,Bioscience,Adjunct Prof. Dr. Kevin Hyde,2022,"Neodeightonia arengae sp. nov., Botryosphaeriaceous taxa on Arenga tremula (Arecaceae) from Guangdong, China",Phytotaxa,Q3,2024,41,8,10.11646/phytotaxa.530.2.1,2-s2.0-85141945899,co_author,
Biology,Bioscience,Adjunct Prof. Dr. Kevin Hyde,2022,"Neohormodochis septispora gen. et sp. nov. (Stictidaceae) from Yunnan Province, China",Phytotaxa,Q3,2024,41,7,10.11646/phytotaxa.573.2.5,2-s2.0-85144973800,co_author,
Biology,Bioscience,Adjunct Prof. Dr. Kevin Hyde,2022,"Novel and Surprising Host Associations of Diaporthe (Diaporthaceae, Diaporthales) Species from Italy",Chiang Mai Journal of Science,Q3,2024,49,13,10.12982/CMJS.2022.028,2-s2.0-85128621306,co_author,SDG 15 Life on Land
Biology,Bioscience,Adjunct Prof. Dr. Kevin Hyde,2022,Optimal conditions for mycelial growth of medicinal mushrooms belonging to the genus Hericium,Mycological Progress,Q1,2024,85,31,10.1007/s11557-022-01829-6,2-s2.0-85139244399,co_author,
Biology,Bioscience,Adjunct Prof. Dr. Kevin Hyde,2022,Peritoneal dialysis-associated peritonitis caused by Exophiala spinifera: A case report and review of literature,Medical Mycology Case Reports,Q3,2024,48,6,10.1016/j.mmcr.2021.12.006,2-s2.0-85123780954,co_author,
Biology,Bioscience,Adjunct Prof. Dr. Kevin Hyde,2022,"Phylogeny and morphology reveal a new species of Chlorociboria (Chlorociboriaceae, Leotiomycetes) from southwestern China",Phytotaxa,Q3,2024,41,5,10.11646/phytotaxa.554.2.2,2-s2.0-85141965796,co_author,SDG 15 Life on Land
Biology,Bioscience,Adjunct Prof. Dr. Kevin Hyde,2022,"Pleocatenata chiangraiensis gen. et. sp. nov. (Pleosporales, Dothideomycetes) from medicinal plants in northern Thailand",Mycokeys,Q1,2024,84,6,10.3897/MYCOKEYS.87.79433,2-s2.0-85125938448,co_author,
Biology,Bioscience,Adjunct Prof. Dr. Kevin Hyde,2022,Predicting global numbers of teleomorphic ascomycetes,Fungal Diversity,Q1,2024,99,41,10.1007/s13225-022-00498-w,2-s2.0-85124759842,co_author,SDG 15 Life on Land
Biology,Bioscience,Adjunct Prof. Dr. Kevin Hyde,2022,Synopsis of Leptosphaeriaceae and Introduction of Three New Taxa and One New Record from China,Journal of Fungi,Q1,2024,92,19,10.3390/jof8050416,2-s2.0-85129124376,co_author,SDG 15 Life on Land
Biology,Bioscience,Adjunct Prof. Dr. Kevin Hyde,2022,"Taxonomic Novelties of Woody Litter Fungi (Didymosphaeriaceae, Pleosporales) from the Greater Mekong Subregion",Biology,Q1,2024,91,30,10.3390/biology11111660,2-s2.0-85149102626,co_author,SDG 15 Life on Land
Biology,Bioscience,Adjunct Prof. Dr. Kevin Hyde,2022,Taxonomy and ecology of epifoliar fungi,Mycosphere,Q1,2024,98,21,10.5943/MYCOSPHERE/13/1/4,2-s2.0-85132779398,co_author,SDG 15 Life on Land
Biology,Bioscience,Adjunct Prof. Dr. Kevin Hyde,2022,Taxonomy and morphology of Phacidiella kunmingensis sp. nov. (Stictidaceae) from southwest China,Phytotaxa,Q3,2024,41,5,10.11646/phytotaxa.573.1.4,2-s2.0-85145003789,co_author,SDG 15 Life on Land
Biology,Bioscience,Adjunct Prof. Dr. Kevin Hyde,2022,Taxonomy and phylogeny of the novel rhytidhysteron-like collections in the Greater Mekong Subregion,Mycokeys,Q1,2024,84,22,10.3897/mycokeys.86.70668,2-s2.0-85124207111,co_author,SDG 15 Life on Land
Biology,Bioscience,Adjunct Prof. Dr. Kevin Hyde,2022,Ten decadal advances in fungal biology leading towards human well-being,Fungal Diversity,Q1,2024,99,64,10.1007/s13225-022-00510-3,2-s2.0-85138021206,co_author,SDG 15 Life on Land
Biology,Bioscience,Adjunct Prof. Dr. Kevin Hyde,2022,Ten important forest fungal pathogens: a review on their emergence and biology,Mycosphere,Q1,2024,98,31,10.5943/mycosphere/13/1/6,2-s2.0-85135535098,co_author,SDG 15 Life on Land
Biology,Bioscience,Adjunct Prof. Dr. Kevin Hyde,2022,The Use of Agaricus subrufescens for Rehabilitation of Agricultural Soils,Agronomy,Q1,2024,84,5,10.3390/agronomy12092034,2-s2.0-85138563431,co_author,SDG 2 Zero Hunger
Biology,Bioscience,Adjunct Prof. Dr. Kevin Hyde,2022,The numbers of fungi: are the most speciose genera truly diverse?,Fungal Diversity,Q1,2024,99,204,10.1007/s13225-022-00501-4,2-s2.0-85127274090,co_author,SDG 15 Life on Land
Biology,Bioscience,Adjunct Prof. Dr. Kevin Hyde,2022,The numbers of fungi: contributions from traditional taxonomic studies and challenges of metabarcoding,Fungal Diversity,Q1,2024,99,190,10.1007/s13225-022-00502-3,2-s2.0-85127250176,co_author,SDG 15 Life on Land
Biology,Bioscience,Adjunct Prof. Dr. Kevin Hyde,2022,"Three New Species of Dicephalospora (Helotiaceae, Helotiales) from Thailand",Diversity,Q1,2024,77,10,10.3390/d14080645,2-s2.0-85137337188,co_author,SDG 15 Life on Land
Biology,Bioscience,Adjunct Prof. Dr. Kevin Hyde,2022,Unravelling evolutionary relationships between epifoliar Meliolaceae and angiosperms,Journal of Systematics and Evolution,Q1,2024,92,20,10.1111/jse.12643,2-s2.0-85088569612,co_author,
Biology,Bioscience,Adjunct Prof. Dr. Kevin Hyde,2022,https://gmsmushrooms.org/: A Comprehensive Online Database of Mushrooms in the Greater Mekong Sub Region,Chiang Mai Journal of Science,Q3,2024,49,4,10.12982/CMJS.2022.045,2-s2.0-85131787022,co_author,
Biology,Bioscience,Adjunct Prof. Dr. Kevin Hyde,2022,https://invertebratefungi.org/: An expert-curated web-based platform for the identification and classification of invertebrate-associated fungi and fungus-like organisms,Database,Q1,2024,87,4,10.1093/database/baac021,2-s2.0-85127448157,co_author,SDG 15 Life on Land
Biology,Bioscience,Ajarn Dr. Amorn Owatworakit,2026,"Anti-cancer effects of cordyceps sinensis, C. militaris and C. cicadae and their mechanisms of action",Journal of Asian Natural Products Research,Q2,2024,61,4,10.1080/10286020.2025.2497282,2-s2.0-105005484945,co_author,SDG 3 Good Health and Well-being
Biology,Bioscience,Ajarn Dr. Amorn Owatworakit,2026,Development of Quantitative PCR Method for Quantifying Streptococcus thermophilus Growth During Batch Culture,Current Applied Science and Technology,Q3,2024,43,0,10.55003/cast.2025.265684,2-s2.0-105032803576,co_author,
Biology,Bioscience,Ajarn Dr. Amorn Owatworakit,2025,Cordyceps militaris: A Microbial Cell Factory for the Production of Cordycepin,Cordyceps and Allied Species,NA,,,1,10.1007/978-981-97-6345-0_14,2-s2.0-105002526639,co_author,SDG 15 Life on Land
Biology,Bioscience,Ajarn Dr. Amorn Owatworakit,2025,Oil palm leaf protein hydrolysate and its novel peptides as alternative plant-based α-glucosidase inhibitors,International Journal of Biological Macromolecules,Q1,2024,92,7,10.1016/j.ijbiomac.2024.138897,2-s2.0-85212956621,co_author,
Biology,Bioscience,Ajarn Dr. Amorn Owatworakit,2025,Solid-State Fermentation of Riceberry Rice with Mushroom Mycelium for Enhanced Beta-Glucan Production and Health Applications,Molecules,Q1,2024,87,2,10.3390/molecules30193879,2-s2.0-105018843449,co_author,SDG 2 Zero Hunger; SDG 3 Good Health and Well-being
Biology,Bioscience,Ajarn Dr. Amorn Owatworakit,2024,"Correction to: Physicochemical and functional properties of Flavourzyme-extracted protein hydrolysate from oil palm leaves (Biomass Conversion and Biorefinery, (2024), 14, 22, (28505-28519), 10.1007/s13399-022-03584-w)",Biomass Conversion and Biorefinery,Q2,2024,69,0,10.1007/s13399-023-03813-w,2-s2.0-85146709370,co_author,SDG 12 Responsible Consumption and Production
Biology,Bioscience,Ajarn Dr. Amorn Owatworakit,2024,Effects of caffeine on growth and metabolite production of Cordyceps militaris,Scienceasia,Q2,2024,53,0,10.2306/scienceasia1513-1874.2024.s006,2-s2.0-105003054364,co_author,
Biology,Bioscience,Ajarn Dr. Amorn Owatworakit,2024,Effects of temperature on the biological activities of bee venom from three honeybee species in Thailand,Scienceasia,Q2,2024,53,1,10.2306/scienceasia1513-1874.2024.s009,2-s2.0-105003069127,co_author,SDG 15 Life on Land
Biology,Bioscience,Ajarn Dr. Amorn Owatworakit,2024,Honeybee Venom: A Potential Source of Anticancer Components,Protein and Peptide Letters,Q4,2024,22,1,10.2174/0109298665339355241008104141,2-s2.0-85214856099,co_author,
Biology,Bioscience,Ajarn Dr. Amorn Owatworakit,2024,Physicochemical and functional properties of Flavourzyme-extracted protein hydrolysate from oil palm leaves,Biomass Conversion and Biorefinery,Q2,2024,69,9,10.1007/s13399-022-03584-w,2-s2.0-85142807358,co_author,SDG 12 Responsible Consumption and Production
Biology,Bioscience,Ajarn Dr. Amorn Owatworakit,2024,Prebiotic properties of germinated riceberry rice (Oryza sativa L.) fermented with Pleurotus ostreatus,Scienceasia,Q2,2024,53,1,10.2306/scienceasia1513-1874.2024.s007,2-s2.0-105003048957,co_author,SDG 2 Zero Hunger
Biology,Bioscience,Ajarn Dr. Amorn Owatworakit,2023,"Antioxidant, Antidiabetic and Antiproliferative Activities of Juice Extract and Residue Powder from Karanda (Carissa carandas L.)",Journal of Food Health and Bioenvironmental Science,Q4,2024,18,5,2-s2.0-85197593926,2-s2.0-85197593926,co_author,SDG 2 Zero Hunger; SDG 3 Good Health and Well-being
Biology,Bioscience,Ajarn Dr. Amorn Owatworakit,2022,Fermentation With Pleurotus Ostreatus Enhances the Prebiotic Properties of Germinated Riceberry Rice,Frontiers in Nutrition,Q1,2024,83,11,10.3389/fnut.2022.839145,2-s2.0-85128872859,co_author,SDG 2 Zero Hunger
Biology,Bioscience,Ajarn Dr. Chitrabhanu Sharma Bhunjun,2026,A Comprehensive Checklist and Ecological Assessment of Eurotiomycetes in Thailand: Substrate and Habitat Associations with The Discovery of a New Insect-associated Species and a New Record,Chiang Mai Journal of Science,Q3,2024,49,0,10.12982/CMJS.2026.016,2-s2.0-105036034354,co_author,SDG 15 Life on Land
Biology,Bioscience,Ajarn Dr. Chitrabhanu Sharma Bhunjun,2026,"Magnusiomyces doitungensis sp. nov., a novel arthroconidial yeast isolated from rotten wood in Northern Thailand",Phytotaxa,Q3,2024,41,0,10.11646/phytotaxa.744.2.2,2-s2.0-105031951761,co_author,
Biology,Bioscience,Ajarn Dr. Chitrabhanu Sharma Bhunjun,2026,"Monosporozyma xishuangbannaensis, a novel ascomycetous yeast isolated from leaf litter in Yunnan, China",Phytotaxa,Q3,2024,41,0,10.11646/phytotaxa.747.3.1,2-s2.0-105033103480,co_author,
Biology,Bioscience,Ajarn Dr. Chitrabhanu Sharma Bhunjun,2026,"One Novel Hyphodiscosia Species From Litchi Litter in China with Insights into Host Associations and Geographic Distribution of Muyocopronaceae (Muyocopronales,Dothideomycetes)",Current Microbiology,Q3,2024,48,0,10.1007/s00284-026-04720-9,2-s2.0-105027705504,co_author,SDG 15 Life on Land
Biology,Bioscience,Ajarn Dr. Chitrabhanu Sharma Bhunjun,2026,"Pleopunctum xizangense sp. nov. (Pleosporales, Phaeoseptaceae) and Pseudolophiostoma yunnanense sp. nov. (Pleosporales, Lophiostomataceae), and a new record of Pleopunctum pseudoellipsoideum on Fagales",Mycokeys,Q1,2024,84,0,10.3897/mycokeys.131.175264,2-s2.0-105038249276,co_author,
Biology,Bioscience,Ajarn Dr. Chitrabhanu Sharma Bhunjun,2026,Talaromyces doitungensis sp. nov. and new records from Doi Tung National Forest in Thailand,Phytotaxa,Q3,2024,41,1,10.11646/phytotaxa.747.1.2,2-s2.0-105032884027,co_author,SDG 15 Life on Land
Biology,Bioscience,Ajarn Dr. Chitrabhanu Sharma Bhunjun,2026,Unveiling a novel Menisporopsis species (Chaetosphaeriaceae) from Thailand,Phytotaxa,Q3,2024,41,0,10.11646/phytotaxa.755.2.5,2-s2.0-105038400807,co_author,SDG 15 Life on Land
Biology,Bioscience,Ajarn Dr. Chitrabhanu Sharma Bhunjun,2025,"A new Myxospora (Hypocreales, Sordariomycetes) species from the Tibetan Plateau, China",New Zealand Journal of Botany,Q2,2024,57,3,10.1080/0028825X.2024.2438411,2-s2.0-85212680048,co_author,SDG 15 Life on Land
Biology,Bioscience,Ajarn Dr. Chitrabhanu Sharma Bhunjun,2025,"A new lignicolous fungus, Rhexoacrodictys chiangraiensis (Pleurotheciales, Ascomycota), from Northern Thailand",New Zealand Journal of Botany,Q2,2024,57,5,10.1080/0028825X.2024.2344800,2-s2.0-85199281621,co_author,SDG 15 Life on Land
Biology,Bioscience,Ajarn Dr. Chitrabhanu Sharma Bhunjun,2025,"Anacacumisporium thailandicum (Chaetosphaeriaceae, Sordariomycetes), a new species from Heynea trijuga (Meliaceae) in Northern Thailand",New Zealand Journal of Botany,Q2,2024,57,0,10.1080/0028825X.2025.2511004,2-s2.0-105009458995,co_author,SDG 15 Life on Land
Biology,Bioscience,Ajarn Dr. Chitrabhanu Sharma Bhunjun,2025,Bryendophyte fungal association of Hyophila involuta in Northern Thailand,New Zealand Journal of Botany,Q2,2024,57,1,10.1080/0028825X.2025.2485987,2-s2.0-105002248706,co_author,SDG 15 Life on Land
Biology,Bioscience,Ajarn Dr. Chitrabhanu Sharma Bhunjun,2025,Exploring fungi on mangrove associates: novel family Neoarthriniaceae and two novel species in Neoarthrinium and Oncopodiella,Mycological Progress,Q1,2024,85,5,10.1007/s11557-025-02035-w,2-s2.0-85218680377,co_author,SDG 14 Life Below Water; SDG 15 Life on Land
Biology,Bioscience,Ajarn Dr. Chitrabhanu Sharma Bhunjun,2025,Fungi dominate eukaryotic microbial assemblages in hot spring biofilms of East and Southeast Asia,Environmental Microbiome,Q1,2024,78,0,10.1186/s40793-025-00816-0,2-s2.0-105026195759,co_author,SDG 15 Life on Land
Biology,Bioscience,Ajarn Dr. Chitrabhanu Sharma Bhunjun,2025,Morpho-molecular analyses reveal a novel species Acrocalymma hibisci and a new host record of Acrocalymma medicaginis,Phytotaxa,Q3,2024,41,0,10.11646/phytotaxa.714.2.4,2-s2.0-105017152230,co_author,SDG 15 Life on Land
Biology,Bioscience,Ajarn Dr. Chitrabhanu Sharma Bhunjun,2025,"Morphological and phylogenetic evaluation of a new species of Rhodoveronaea (Rhamphoriaceae, Rhamphoriales) associated with Quercus fabrei (Fagales) in Yunnan Province, China",Biodiversity Data Journal,Q2,2024,51,1,10.3897/BDJ.13.e154654,2-s2.0-105017305126,co_author,SDG 15 Life on Land
Biology,Bioscience,Ajarn Dr. Chitrabhanu Sharma Bhunjun,2025,"Morphological and phylogenic appraisal of a novel species and a new record of Fitzroyomyces in Yunnan Province, China",New Zealand Journal of Botany,Q2,2024,57,1,10.1080/0028825X.2024.2393799,2-s2.0-85203042216,co_author,SDG 15 Life on Land
Biology,Bioscience,Ajarn Dr. Chitrabhanu Sharma Bhunjun,2025,Morphology and phylogeny reveal two new species of pestalotioid fungi associated with hawthorn in Northeast China,Mycokeys,Q1,2024,84,0,10.3897/mycokeys.122.153767,2-s2.0-105015410637,co_author,SDG 15 Life on Land
Biology,Bioscience,Ajarn Dr. Chitrabhanu Sharma Bhunjun,2025,Mycosphere Notes 521–571: A special edition of fungal biodiversity to celebrate Kevin D. Hyde’s 70th birthday and his exceptional contributions to Mycology,Mycosphere,Q1,2024,98,21,10.5943/mycosphere/16/2/1,2-s2.0-105010747628,co_author,SDG 15 Life on Land
Biology,Bioscience,Ajarn Dr. Chitrabhanu Sharma Bhunjun,2025,Phylogenetic and Morphological Characterization of Beltraniaceae Species from Litchi and Longan Litter in Southern China,Chiang Mai Journal of Science,Q3,2024,49,1,10.12982/CMJS.2025.045,2-s2.0-105011073742,co_author,SDG 15 Life on Land
Biology,Bioscience,Ajarn Dr. Chitrabhanu Sharma Bhunjun,2025,"Sexual and Asexual Morphs of Thyronectria kunmingensis sp. nov. (Nectriaceae) From Yunnan, China",Chiang Mai Journal of Science,Q3,2024,49,0,10.12982/CMJS.2025.065,2-s2.0-105020769468,co_author,
Biology,Bioscience,Ajarn Dr. Chitrabhanu Sharma Bhunjun,2025,Taxonomic Descriptions and Phylogenetic Placement of Aspergillus subalbidus isolated from a Paper Wasp Nest,Phytotaxa,Q3,2024,41,0,10.11646/phytotaxa.733.2.3,2-s2.0-105024362654,co_author,
Biology,Bioscience,Ajarn Dr. Chitrabhanu Sharma Bhunjun,2025,"Taxonomy, phylogeny, diversity and host preference of leaf litter inhabiting microfungi across six host species in northern Thailand",Fungal Diversity,Q1,2024,99,1,10.1007/s13225-025-00562-1,2-s2.0-105017872455,co_author,SDG 15 Life on Land
Biology,Bioscience,Ajarn Dr. Chitrabhanu Sharma Bhunjun,2025,The addition of six novel species and a new record of Amphisphaeria from northern Thailand,Mycokeys,Q1,2024,84,0,10.3897/mycokeys.125.163523,2-s2.0-105025243493,co_author,SDG 15 Life on Land
Biology,Bioscience,Ajarn Dr. Chitrabhanu Sharma Bhunjun,2025,"The crucial roles of ascomycetes in wood litter decomposition: Current knowledge, diversity and function",Scienceasia,Q2,2024,53,0,10.2306/scienceasia1513-1874.2025.s014,2-s2.0-105010042107,co_author,
Biology,Bioscience,Ajarn Dr. Chitrabhanu Sharma Bhunjun,2025,"Two new species of Ijuhya (Ijuhyaceae, Hypocreales) from ferns in tropical China",New Zealand Journal of Botany,Q2,2024,57,2,10.1080/0028825X.2024.2435963,2-s2.0-105001499405,co_author,SDG 15 Life on Land
Biology,Bioscience,Ajarn Dr. Chitrabhanu Sharma Bhunjun,2025,Two novel species of Hermatomyces (Dothideomycetes) from Fagales in China,Mycological Progress,Q1,2024,85,1,10.1007/s11557-025-02105-z,2-s2.0-105022116323,co_author,SDG 15 Life on Land
Biology,Bioscience,Ajarn Dr. Chitrabhanu Sharma Bhunjun,2025,Unveiling Sordariomycetes taxa associated with woody litter in Northern Thailand,Mycokeys,Q1,2024,84,1,10.3897/mycokeys.115.145330,2-s2.0-105000248347,co_author,
Biology,Bioscience,Ajarn Dr. Chitrabhanu Sharma Bhunjun,2024,"A new species of Neotorula (Pleosporales) from the Southwest, China",Phytotaxa,Q3,2024,41,3,10.11646/phytotaxa.662.3.4,2-s2.0-85201068039,co_author,SDG 15 Life on Land
Biology,Bioscience,Ajarn Dr. Chitrabhanu Sharma Bhunjun,2024,A novel species and a new geographical record of Nigropunctata from Bambusa vulgaris in northern Thailand,Phytotaxa,Q3,2024,41,3,10.11646/phytotaxa.676.2.4,2-s2.0-85211593154,co_author,SDG 15 Life on Land
Biology,Bioscience,Ajarn Dr. Chitrabhanu Sharma Bhunjun,2024,"Armillaria korhonenii, the sixteenth biological species of Armillaria from China",Phytotaxa,Q3,2024,41,5,10.11646/phytotaxa.637.2.3,2-s2.0-85185792442,co_author,SDG 15 Life on Land
Biology,Bioscience,Ajarn Dr. Chitrabhanu Sharma Bhunjun,2024,Current Research in Applied and Environmental Mycology Fungal Profiles 1–30,Current Research in Environmental and Applied Mycology,Q2,2024,51,7,10.5943/cream/14/1/11,2-s2.0-85210949626,co_author,SDG 15 Life on Land
Biology,Bioscience,Ajarn Dr. Chitrabhanu Sharma Bhunjun,2024,Do all fungi have ancestors with endophytic lifestyles?,Fungal Diversity,Q1,2024,99,94,10.1007/s13225-023-00516-5,2-s2.0-85149922532,first_author,SDG 15 Life on Land
Biology,Bioscience,Ajarn Dr. Chitrabhanu Sharma Bhunjun,2024,Fungal numbers: global needs for a realistic assessment,Fungal Diversity,Q1,2024,99,43,10.1007/s13225-024-00545-8,2-s2.0-85208492911,co_author,SDG 15 Life on Land
Biology,Bioscience,Ajarn Dr. Chitrabhanu Sharma Bhunjun,2024,"Introducing a new species, Vaginatispora acrostichi (Lophiostomataceae), based on morphology and multigene phylogeny",Botanica Marina,Q2,2024,56,3,10.1515/bot-2024-0008,2-s2.0-85198382907,co_author,SDG 15 Life on Land
Biology,Bioscience,Ajarn Dr. Chitrabhanu Sharma Bhunjun,2024,"Morpho-molecular analyses reveal a novel species, Xenoanthostomella thailandica (Gyrothricaceae, Xylariales), from northern Thailand",New Zealand Journal of Botany,Q2,2024,57,4,10.1080/0028825X.2024.2304776,2-s2.0-85187188333,co_author,SDG 15 Life on Land
Biology,Bioscience,Ajarn Dr. Chitrabhanu Sharma Bhunjun,2024,"Morpho-molecular characterization of two Pleosporales species, Montagnula thevetiae and Thyridaria thailandica sp.nov.in northern Thailand",Phytotaxa,Q3,2024,41,0,10.11646/phytotaxa.676.2.3,2-s2.0-85211578742,co_author,SDG 15 Life on Land
Biology,Bioscience,Ajarn Dr. Chitrabhanu Sharma Bhunjun,2024,"Morphology and Multi-Gene Phylogeny Reveal a New Species of Family Torulaceae from Yunnan Province, China",Diversity,Q1,2024,77,6,10.3390/d16090551,2-s2.0-85205104364,co_author,SDG 15 Life on Land
Biology,Bioscience,Ajarn Dr. Chitrabhanu Sharma Bhunjun,2024,Mycosphere Notes 469–520,Mycosphere,Q1,2024,98,29,10.5943/MYCOSPHERE/15/1/11,2-s2.0-85206698690,co_author,
Biology,Bioscience,Ajarn Dr. Chitrabhanu Sharma Bhunjun,2024,New records of fungi on Nephelium lappaceum (Rambutan) from northern Thailand,Phytotaxa,Q3,2024,41,2,10.11646/phytotaxa.638.2.7,2-s2.0-85186317754,co_author,SDG 15 Life on Land
Biology,Bioscience,Ajarn Dr. Chitrabhanu Sharma Bhunjun,2024,Novel Botryosphaeriaceae records associated with epiphytic plants from South China,Asian Journal of Mycology,Q3,2024,48,2,10.5943/ajom/7/1/8,2-s2.0-85196819017,co_author,
Biology,Bioscience,Ajarn Dr. Chitrabhanu Sharma Bhunjun,2024,"Novel Hosts, Geographical Records, and A Global Checklist of molecularly confirmed Periconia species",Phytotaxa,Q3,2024,41,2,10.11646/phytotaxa.674.1.2,2-s2.0-85210925177,co_author,SDG 15 Life on Land
Biology,Bioscience,Ajarn Dr. Chitrabhanu Sharma Bhunjun,2024,Sexual and asexual morphs of a new Apiospora (Apiosporaceae) species on bamboo from northern Thailand,Current Research in Environmental and Applied Mycology,Q2,2024,51,0,10.5943/cream/14/1/12,2-s2.0-85211484156,co_author,SDG 15 Life on Land
Biology,Bioscience,Ajarn Dr. Chitrabhanu Sharma Bhunjun,2024,"Sexual morph of Allophoma tropica and Didymella coffeae-arabicae (Didymellaceae, Pleosporales, Dothidiomycetes), including novel host records from leaf litter in Thailand",New Zealand Journal of Botany,Q2,2024,57,5,10.1080/0028825X.2023.2272957,2-s2.0-85176226899,co_author,
Biology,Bioscience,Ajarn Dr. Chitrabhanu Sharma Bhunjun,2024,The 2024 Outline of Fungi and fungus-like taxa,Mycosphere,Q1,2024,98,292,10.5943/MYCOSPHERE/15/1/25,2-s2.0-85207293386,co_author,SDG 15 Life on Land
Biology,Bioscience,Ajarn Dr. Chitrabhanu Sharma Bhunjun,2024,The complete mitochondrial genome of enigmatic mycoparasitic fungus Squamanita imbachii,Mitochondrial DNA Part B Resources,Q4,2024,13,1,10.1080/23802359.2024.2356131,2-s2.0-85195652814,co_author,
Biology,Bioscience,Ajarn Dr. Chitrabhanu Sharma Bhunjun,2024,"Unveiling the holomorph and novel host records of Shearia formosa (Longiostiolaceae, Pleosporales) in China",New Zealand Journal of Botany,Q2,2024,57,10,10.1080/0028825X.2023.2267775,2-s2.0-85174244458,co_author,
Biology,Bioscience,Ajarn Dr. Chitrabhanu Sharma Bhunjun,2024,What are the 100 most cited fungal genera?,Studies in Mycology,Q1,2024,99,71,10.3114/sim.2024.108.01,2-s2.0-85200136342,first_author,SDG 15 Life on Land
Biology,Bioscience,Ajarn Dr. Chitrabhanu Sharma Bhunjun,2023,A new species of Stephanonectria (Bionectriaceae) from southwestern China,Asian Journal of Mycology,Q3,2024,48,6,10.5943/ajom/6/1/9,2-s2.0-85166243886,co_author,SDG 15 Life on Land
Biology,Bioscience,Ajarn Dr. Chitrabhanu Sharma Bhunjun,2023,AJOM new records and collections of fungi: 151-200,Asian Journal of Mycology,Q3,2024,48,28,10.5943/ajom/6/2/7,2-s2.0-85178943012,co_author,SDG 15 Life on Land
Biology,Bioscience,Ajarn Dr. Chitrabhanu Sharma Bhunjun,2023,Additions to Diatrypaceae (Xylariales): Novel Taxa and New Host Associations,Journal of Fungi,Q1,2024,92,8,10.3390/jof9121151,2-s2.0-85180733208,co_author,SDG 15 Life on Land
Biology,Bioscience,Ajarn Dr. Chitrabhanu Sharma Bhunjun,2023,"Additions to Peroneutypa (Diatrypaceae, Xylariales): Introducing P. nayariophyti sp. nov. and new host associations of P. scoparia from northern Thailand",Phytotaxa,Q3,2024,41,2,10.11646/phytotaxa.620.3.1,2-s2.0-85175267587,co_author,
Biology,Bioscience,Ajarn Dr. Chitrabhanu Sharma Bhunjun,2023,Annotated notes on Diaporthe species,Mycosphere,Q1,2024,98,47,10.5943/mycosphere/14/1/12,2-s2.0-85175099469,co_author,SDG 15 Life on Land
Biology,Bioscience,Ajarn Dr. Chitrabhanu Sharma Bhunjun,2023,Appendage-Bearing Sordariomycetes from Dipterocarpus alatus Leaf Litter in Thailand,Journal of Fungi,Q1,2024,92,10,10.3390/jof9060625,2-s2.0-85163757170,co_author,SDG 15 Life on Land
Biology,Bioscience,Ajarn Dr. Chitrabhanu Sharma Bhunjun,2023,"Distoseptispora dipterocarpi sp. nov. (Distoseptisporaceae), a lignicolous fungus on decaying wood of Dipterocarpus in Thailand",Current Research in Environmental and Applied Mycology,Q2,2024,51,12,10.5943/cream/13/1/5,2-s2.0-85152707955,co_author,
Biology,Bioscience,Ajarn Dr. Chitrabhanu Sharma Bhunjun,2023,Freshwater fungal biology,Mycosphere,Q1,2024,98,70,10.5943/mycosphere/14/1/4,2-s2.0-85153349317,co_author,SDG 6 Clean Water and Sanitation; SDG 15 Life on Land
Biology,Bioscience,Ajarn Dr. Chitrabhanu Sharma Bhunjun,2023,"Fungalpedia, an illustrated compendium of the fungi and fungus-like taxa",Mycosphere,Q1,2024,98,46,10.5943/MYCOSPHERE/14/1/22,2-s2.0-85186338574,co_author,SDG 15 Life on Land
Biology,Bioscience,Ajarn Dr. Chitrabhanu Sharma Bhunjun,2023,Global consortium for the classification of fungi and fungus-like taxa,Mycosphere,Q1,2024,98,19,10.5943/mycosphere/14/1/23,2-s2.0-85186344205,co_author,SDG 15 Life on Land
Biology,Bioscience,Ajarn Dr. Chitrabhanu Sharma Bhunjun,2023,Morphology and phylogeny of Colletotrichum dioscoreicola sp. nov. related to anthracnose disease on Dioscorea yunnanensis (Yam) in China,Current Research in Environmental and Applied Mycology,Q2,2024,51,4,10.5943/cream/13/1/15,2-s2.0-105000413962,co_author,SDG 3 Good Health and Well-being; SDG 15 Life on Land
Biology,Bioscience,Ajarn Dr. Chitrabhanu Sharma Bhunjun,2023,"Paramyrothecium amorphophalli sp. nov., a causal agent of leaf blight on elephant foot yam in northern Thailand",Current Research in Environmental and Applied Mycology,Q2,2024,51,9,10.5943/CREAM/13/1/4,2-s2.0-85152385786,co_author,
Biology,Bioscience,Ajarn Dr. Chitrabhanu Sharma Bhunjun,2022,Combination of morphological and molecular data support Pestalotiopsis eleutherococci (Sporocadaceae) as a new species,Phytotaxa,Q3,2024,41,8,10.11646/phytotaxa.566.1.6,2-s2.0-85141953560,co_author,SDG 15 Life on Land
Biology,Bioscience,Ajarn Dr. Chitrabhanu Sharma Bhunjun,2022,Diaporthe: formalizing the species-group concept,Mycosphere,Q1,2024,98,87,10.5943/mycosphere/13/1/9,2-s2.0-85137365732,co_author,SDG 15 Life on Land
Biology,Bioscience,Ajarn Dr. Chitrabhanu Sharma Bhunjun,2022,Diversity of Ascomycota in Jilin: Introducing Novel Woody Litter Taxa in Cucurbitariaceae,Journal of Fungi,Q1,2024,92,14,10.3390/jof8090905,2-s2.0-85138606536,co_author,SDG 15 Life on Land
Biology,Bioscience,Ajarn Dr. Chitrabhanu Sharma Bhunjun,2022,Fungal diversity notes 1512–1610: taxonomic and phylogenetic contributions on genera and species of fungal taxa,Fungal Diversity,Q1,2024,99,142,10.1007/s13225-022-00513-0,2-s2.0-85149114551,co_author,SDG 15 Life on Land
Biology,Bioscience,Ajarn Dr. Chitrabhanu Sharma Bhunjun,2022,Synopsis of Leptosphaeriaceae and Introduction of Three New Taxa and One New Record from China,Journal of Fungi,Q1,2024,92,19,10.3390/jof8050416,2-s2.0-85129124376,co_author,SDG 15 Life on Land
Biology,Bioscience,Ajarn Dr. Chitrabhanu Sharma Bhunjun,2022,Ten decadal advances in fungal biology leading towards human well-being,Fungal Diversity,Q1,2024,99,64,10.1007/s13225-022-00510-3,2-s2.0-85138021206,co_author,SDG 15 Life on Land
Biology,Bioscience,Ajarn Dr. Chitrabhanu Sharma Bhunjun,2022,Ten important forest fungal pathogens: a review on their emergence and biology,Mycosphere,Q1,2024,98,31,10.5943/mycosphere/13/1/6,2-s2.0-85135535098,co_author,SDG 15 Life on Land
Biology,Bioscience,Ajarn Dr. Chitrabhanu Sharma Bhunjun,2022,The numbers of fungi: are the most speciose genera truly diverse?,Fungal Diversity,Q1,2024,99,204,10.1007/s13225-022-00501-4,2-s2.0-85127274090,first_author,SDG 15 Life on Land
Biology,Bioscience,Ajarn Dr. Chitrabhanu Sharma Bhunjun,2022,The numbers of fungi: contributions from traditional taxonomic studies and challenges of metabarcoding,Fungal Diversity,Q1,2024,99,190,10.1007/s13225-022-00502-3,2-s2.0-85127250176,co_author,SDG 15 Life on Land
Biology,Bioscience,Ajarn Dr. Jantrararuk Tovaranonte,2022,"Chemical composition, antioxidant, and antimicrobial activity of Elsholtzia beddomei C. B. Clarke ex Hook. f. essential oil",Scientific Reports,Q1,2024,89,24,10.1038/s41598-022-06358-6,2-s2.0-85124325144,co_author,SDG 3 Good Health and Well-being
Biology,Bioscience,Ajarn Dr. Jantrararuk Tovaranonte,2022,Habitat Prediction and Knowledge Extraction from Musa gracilis Holttum with Limited Data,Chiang Mai Journal of Science,Q3,2024,49,1,10.12982/CMJS.2022.076,2-s2.0-85134399493,co_author,
Biology,Bioscience,Ajarn Dr. Jantrararuk Tovaranonte,2022,Volatile Compounds of Mitrephora wangii Flowers by Solid-Phase Microextraction-Gas Chromatography-Mass Spectrometry,Chemistry of Natural Compounds,Q3,2024,27,3,10.1007/s10600-022-03739-1,2-s2.0-85132199447,co_author,
Biology,Bioscience,Ajarn Dr. Kittirat Saharat,2026,Phytochemical study of Fissistigma fulgens (Hook.f. & Thomson) Merr. leaves: Previously undescribed dihydrochalcone derivatives and their biological activities,Phytochemistry,Q1,2024,92,1,10.1016/j.phytochem.2025.114735,2-s2.0-105024007513,co_author,
Biology,Bioscience,Ajarn Dr. Kittirat Saharat,2025,Bioactivities of Protein Hydrolysates Prepared froSchizophyllum commune,Chiang Mai Journal of Science,Q3,2024,49,0,10.12982/CMJS.2025.095,2-s2.0-105026569351,co_author,
Biology,Bioscience,Ajarn Dr. Kittirat Saharat,2025,Solid-State Fermentation of Riceberry Rice with Mushroom Mycelium for Enhanced Beta-Glucan Production and Health Applications,Molecules,Q1,2024,87,2,10.3390/molecules30193879,2-s2.0-105018843449,co_author,SDG 2 Zero Hunger; SDG 3 Good Health and Well-being
Biology,Bioscience,Ajarn Dr. Kittirat Saharat,2025,Two new diterpenes isolated from the roots of Grangea maderaspatana,Phytochemistry Letters,Q2,2024,58,0,10.1016/j.phytol.2025.102973,2-s2.0-105004702575,co_author,
Biology,Bioscience,Ajarn Dr. Kritsakorn Saninjuk,2026,A non-lethal method for the sampling of the gut microbiota in Betta splendens,Frontiers in Veterinary Science,Q1,2024,94,0,10.3389/fvets.2026.1702535,2-s2.0-105030612423,co_author,SDG 3 Good Health and Well-being
Biology,Bioscience,Ajarn Dr. Kritsakorn Saninjuk,2026,Functional analysis of purM in Burkholderia cenocepacia using a trimethoprim-selectable allelic exchange and mini-Tn7 complementation approach,Microbiology Spectrum,Q1,2024,82,0,10.1128/spectrum.02492-25,2-s2.0-105035289560,co_author,
Biology,Bioscience,Ajarn Dr. Kritsakorn Saninjuk,2026,Molecular epidemiology and genomic plasticity of ESBL-producing and carbapenem-non-susceptible Klebsiella pneumoniae in a tertiary care hospital in northern Thailand,Infection Genetics and Evolution,Q1,2024,88,0,10.1016/j.meegid.2026.105950,2-s2.0-105036853653,first_author,SDG 3 Good Health and Well-being
Biology,Bioscience,Ajarn Dr. Kritsakorn Saninjuk,2025,"1,4-Naphthoquinone analogues promote cross-protection to antibiotics through glutathione-dependent MexT-mediated MexEF-OprN expression in Pseudomonas aeruginosa",Heliyon,Q1,2024,80,1,10.1016/j.heliyon.2025.e43721,2-s2.0-105013243449,first_author,
Biology,Bioscience,Ajarn Dr. Kritsakorn Saninjuk,2025,"Emergence of ceftazidime resistance in Burkholderia pseudomallei during therapy: Clinical, phenotypic and genotypic insights from paired isolates",Journal of Global Antimicrobial Resistance,Q2,2024,74,2,10.1016/j.jgar.2025.05.006,2-s2.0-105007448311,co_author,SDG 3 Good Health and Well-being
Biology,Bioscience,Ajarn Dr. Kritsakorn Saninjuk,2025,Gut microbiome and fecal metabolite profiles in obese school-aged children from Northern Thailand,Frontiers in Microbiology,Q1,2024,80,0,10.3389/fmicb.2025.1657839,2-s2.0-105017073732,co_author,
Biology,Bioscience,Ajarn Dr. Kritsakorn Saninjuk,2025,Sustainable Recycling of Mushroom Residue as an Effective Substitute for Cotton Hull Waste in Volvariella volvacea Cultivation: Evidence from Physicochemical and Microbiome Analyses,Microorganisms,Q1,2024,78,1,10.3390/microorganisms13102372,2-s2.0-105020072803,co_author,SDG 2 Zero Hunger; SDG 12 Responsible Consumption and Production
Biology,Bioscience,Ajarn Dr. Kritsakorn Saninjuk,2024,Complete genome sequences of paired isogenic Burkholderia pseudomallei isolated from a Thai pediatric patient with a urinary tract infection,Microbiology Resource Announcements,Q3,2024,27,1,10.1128/mra.00470-24,2-s2.0-85198128924,co_author,
Biology,Bioscience,Ajarn Dr. Naritsada Thongklang,2025,"A new false truffle species, Gautieria zixishanensis sp. nov. (Gomphales, Basidiomycota) found in Yunnan, China",Phytotaxa,Q3,2024,41,0,10.11646/phytotaxa.701.2.4,2-s2.0-105005000869,co_author,SDG 15 Life on Land
Biology,Bioscience,Ajarn Dr. Naritsada Thongklang,2025,An Online Database on Fungicolous Fungi: https://www.fungicolousfungi.org,Chiang Mai Journal of Science,Q3,2024,49,1,10.12982/CMJS.2025.026,2-s2.0-105011766648,co_author,SDG 15 Life on Land
Biology,Bioscience,Ajarn Dr. Naritsada Thongklang,2025,Assessment of pleurotoid mushrooms (Agaricales) diversity in community forests across Thailand,Asian Journal of Mycology,Q3,2024,48,0,2-s2.0-105028279018,2-s2.0-105028279018,co_author,
Biology,Bioscience,Ajarn Dr. Naritsada Thongklang,2025,Fungal diversity notes 1818–1918: taxonomic and phylogenetic contributions on genera and species of fungi,Fungal Diversity,Q1,2024,99,46,10.1007/s13225-024-00541-y,2-s2.0-105001063663,co_author,SDG 15 Life on Land
Biology,Bioscience,Ajarn Dr. Naritsada Thongklang,2025,Fungal diversity notes 1919–2016: taxonomic and phylogenetic contributions to fungal taxa,Fungal Diversity,Q1,2024,99,21,10.1007/s13225-025-00556-z,2-s2.0-105006836933,co_author,SDG 15 Life on Land
Biology,Bioscience,Ajarn Dr. Naritsada Thongklang,2025,Identification and therapeutic efficacy of Pleurotus djamor var fuscopruinosus,Scientific Reports,Q1,2024,89,9,10.1038/s41598-025-02900-4,2-s2.0-105006932397,co_author,
Biology,Bioscience,Ajarn Dr. Naritsada Thongklang,2025,"Molecular Phylogeny and Morphology Reveal Four New Species of Conocybe (Bolbitiaceae, Agaricales) from the Qinghai-Xizang Plateau, China",Journal of Fungi,Q1,2024,92,3,10.3390/jof11010045,2-s2.0-85216091415,co_author,SDG 15 Life on Land
Biology,Bioscience,Ajarn Dr. Naritsada Thongklang,2025,Mycosphere Notes 572-624: Exploring the hidden diversity of fungi and fungi like taxa in different terrestrial microhabitats,Mycosphere,Q1,2024,98,9,10.5943/mycosphere/16/1/21,2-s2.0-105033141875,co_author,SDG 15 Life on Land
Biology,Bioscience,Ajarn Dr. Naritsada Thongklang,2025,"New insights into Lactocollybia (Agaricales, Basidiomycota): Morpho-phylogenetic analyses revealing two interesting species and one new record from Thailand and evidence of intercontinental conspecificity",Mycokeys,Q1,2024,84,1,10.3897/mycokeys.118.144986,2-s2.0-105009299917,co_author,SDG 15 Life on Land
Biology,Bioscience,Ajarn Dr. Naritsada Thongklang,2025,Revised and Updated Checklist of Macrofungi in Thailand – II,Chiang Mai Journal of Science,Q3,2024,49,2,10.12982/CMJS.2025.027,2-s2.0-105011971331,co_author,
Biology,Bioscience,Ajarn Dr. Naritsada Thongklang,2025,"Screening and Domestication of Cultivable Macrofungi: Nutritional Value, and Industrial Applications",Chiang Mai Journal of Science,Q3,2024,49,3,10.12982/CMJS.2025.054,2-s2.0-105020831805,co_author,
Biology,Bioscience,Ajarn Dr. Naritsada Thongklang,2025,"Three new species and one new record of Scleroderma (Sclerodermataceae, Boletales) from northern Thailand",Mycokeys,Q1,2024,84,1,10.3897/mycokeys.123.160438,2-s2.0-105019674847,co_author,SDG 15 Life on Land
Biology,Bioscience,Ajarn Dr. Naritsada Thongklang,2024,A Taxonomic Study of Candolleomyces Specimens from China Revealed Seven New Species,Journal of Fungi,Q1,2024,92,18,10.3390/jof10070499,2-s2.0-85199501970,co_author,SDG 15 Life on Land
Biology,Bioscience,Ajarn Dr. Naritsada Thongklang,2024,"A new species of the genus Truncocolumella (Basidiomycota, Boletales) found in the Hengduan Mountains of China",Biodiversity Data Journal,Q2,2024,51,0,10.3897/BDJ.12.e128970,2-s2.0-85210545204,co_author,SDG 15 Life on Land
Biology,Bioscience,Ajarn Dr. Naritsada Thongklang,2024,Additions to Crepidotus species (Basidiomycota): Six new species and two new records from Thailand,Phytotaxa,Q3,2024,41,2,10.11646/phytotaxa.646.2.1,2-s2.0-85192806854,co_author,SDG 15 Life on Land
Biology,Bioscience,Ajarn Dr. Naritsada Thongklang,2024,"Cultivation and Nutrient Compositions of Medicinal Mushroom, Hericium erinaceus in Thailand",Chiang Mai Journal of Science,Q3,2024,49,6,10.12982/CMJS.2024.028,2-s2.0-85189367255,co_author,SDG 2 Zero Hunger
Biology,Bioscience,Ajarn Dr. Naritsada Thongklang,2024,Current Research in Applied and Environmental Mycology Fungal Profiles 1–30,Current Research in Environmental and Applied Mycology,Q2,2024,51,7,10.5943/cream/14/1/11,2-s2.0-85210949626,co_author,SDG 15 Life on Land
Biology,Bioscience,Ajarn Dr. Naritsada Thongklang,2024,"Current trends, limitations and future research in the fungi?",Fungal Diversity,Q1,2024,99,99,10.1007/s13225-023-00532-5,2-s2.0-85188190597,co_author,SDG 15 Life on Land
Biology,Bioscience,Ajarn Dr. Naritsada Thongklang,2024,"Cystolepiota flavolamellata (Verrucosporaceae, Agaricales), a new species from Southeast Asia",Phytotaxa,Q3,2024,41,1,10.11646/phytotaxa.645.1.2,2-s2.0-85192056185,co_author,SDG 15 Life on Land
Biology,Bioscience,Ajarn Dr. Naritsada Thongklang,2024,"Insights into the genus Xeromphalina, X. tenuipes (Schwein.) A.H. Sm. complex and discovery of a novel species, X. pseudotenuipes from Thailand",Phytotaxa,Q3,2024,41,1,10.11646/phytotaxa.666.3.1,2-s2.0-85207306341,co_author,SDG 15 Life on Land
Biology,Bioscience,Ajarn Dr. Naritsada Thongklang,2024,New record of Auricularia in Thailand and optimization of different agricultural substrates for the cultivation of Auricularia,Current Research in Environmental and Applied Mycology,Q2,2024,51,2,10.5943/cream/14/1/14,2-s2.0-85211489634,co_author,SDG 2 Zero Hunger
Biology,Bioscience,Ajarn Dr. Naritsada Thongklang,2024,Revealing two new records of Phallus (Phallaceae) from northern Thailand and optimizing conditions for mushroom mycelial growth,Current Research in Environmental and Applied Mycology,Q2,2024,51,1,10.5943/cream/14/1/6,2-s2.0-85211482564,co_author,SDG 2 Zero Hunger
Biology,Bioscience,Ajarn Dr. Naritsada Thongklang,2024,"Screening for Bioactivities of Wild Hymenopellis spp., and Volvariella pulla in Thailand",Asian Journal of Mycology,Q3,2024,48,0,10.5943/ajom/7/1/4,2-s2.0-85194469465,co_author,
Biology,Bioscience,Ajarn Dr. Naritsada Thongklang,2024,"Three New Species of Tuber Discovered in Alpine Fir Forests in Yunnan, China",Journal of Fungi,Q1,2024,92,2,10.3390/jof10070453,2-s2.0-85199558929,co_author,SDG 15 Life on Land
Biology,Bioscience,Ajarn Dr. Naritsada Thongklang,2024,What are the 100 most cited fungal genera?,Studies in Mycology,Q1,2024,99,71,10.3114/sim.2024.108.01,2-s2.0-85200136342,co_author,SDG 15 Life on Land
Biology,Bioscience,Ajarn Dr. Naritsada Thongklang,2023,"Additions to Hohenbuehelia (Basidiomycota, Pleurotaceae): two new species and notes on H. tristis from northern Thailand",Mycokeys,Q1,2024,84,7,10.3897/mycokeys.99.105317,2-s2.0-85171192425,co_author,SDG 15 Life on Land
Biology,Bioscience,Ajarn Dr. Naritsada Thongklang,2023,Cultivation and determination of nutrient contents of an edible wild Thai Hymenopellis,Asian Journal of Mycology,Q3,2024,48,2,10.5943/ajom/6/1/2,2-s2.0-85166205293,co_author,SDG 2 Zero Hunger
Biology,Bioscience,Ajarn Dr. Naritsada Thongklang,2023,"Fungalpedia, an illustrated compendium of the fungi and fungus-like taxa",Mycosphere,Q1,2024,98,46,10.5943/MYCOSPHERE/14/1/22,2-s2.0-85186338574,co_author,SDG 15 Life on Land
Biology,Bioscience,Ajarn Dr. Naritsada Thongklang,2023,Global consortium for the classification of fungi and fungus-like taxa,Mycosphere,Q1,2024,98,19,10.5943/mycosphere/14/1/23,2-s2.0-85186344205,co_author,SDG 15 Life on Land
Biology,Bioscience,Ajarn Dr. Naritsada Thongklang,2023,"Introduction of two novel species of Hymenopellis (Agaricales, Physalacriaceae) from Thailand",Mycokeys,Q1,2024,84,2,10.3897/mycokeys.98.104517,2-s2.0-85170094018,co_author,SDG 15 Life on Land
Biology,Bioscience,Ajarn Dr. Naritsada Thongklang,2023,"New species of Hydnotrya (Ascomycota, Pezizomycetes) from southwestern China with notes on morphological characteristics of 17 species of Hydnotrya",Mycokeys,Q1,2024,84,1,10.3897/mycokeys.100.106709,2-s2.0-85178005869,co_author,SDG 15 Life on Land
Biology,Bioscience,Ajarn Dr. Naritsada Thongklang,2023,Nutritional analysis of cultivated Pleurotus giganteus in agricultural waste as possible alternative substrates,Current Research in Environmental and Applied Mycology,Q2,2024,51,5,10.5943/cream/13/1/7,2-s2.0-85163008618,co_author,SDG 2 Zero Hunger; SDG 12 Responsible Consumption and Production
Biology,Bioscience,Ajarn Dr. Naritsada Thongklang,2023,Optimal conditions for mycelial growth and nutritional values of the Auricularia cornea,Studies in Fungi,Q2,2024,62,11,10.48130/SIF-2023-0019,2-s2.0-85179362769,co_author,SDG 15 Life on Land
Biology,Bioscience,Ajarn Dr. Naritsada Thongklang,2023,Reviewing the contributions of macrofungi to forest ecosystem processes and services,Fungal Biology Reviews,Q1,2024,89,88,10.1016/j.fbr.2022.11.002,2-s2.0-85143727387,co_author,SDG 15 Life on Land
Biology,Bioscience,Ajarn Dr. Naritsada Thongklang,2023,"Study of Optimal Conditions to Grow Thai Ganoderma, Fruiting Test, Proximate and Their Alpha Glucosidase Inhibitory Activity",Life,Q1,2024,95,14,10.3390/life13091887,2-s2.0-85172458252,co_author,
Biology,Bioscience,Ajarn Dr. Naritsada Thongklang,2023,The contribution of fungi to the global economy,Fungal Diversity,Q1,2024,99,172,10.1007/s13225-023-00520-9,2-s2.0-85164501893,co_author,SDG 15 Life on Land
Biology,Bioscience,Ajarn Dr. Naritsada Thongklang,2023,"The genus Lentinus in Thailand: taxonomy, cultivation tests, nutritional analysis and screening for the biological activity of wild strains",Current Research in Environmental and Applied Mycology,Q2,2024,51,7,10.5943/cream/13/1/10,2-s2.0-85162951389,co_author,SDG 15 Life on Land
Biology,Bioscience,Ajarn Dr. Naritsada Thongklang,2023,Trehalose phosphorylase as a novel potential allergen in a case of allergic reaction due to oyster mushroom (Pleurotus ostreatus) ingestion,Journal of Allergy and Clinical Immunology Global,Q3,2024,25,9,10.1016/j.jacig.2023.100095,2-s2.0-85164841088,co_author,SDG 2 Zero Hunger; SDG 3 Good Health and Well-being
Biology,Bioscience,Ajarn Dr. Naritsada Thongklang,2023,"Two new species of the fallax-pezizoides complex in Helvella (Helvellaceae, Pezizales) from Yunnan, China",Phytotaxa,Q3,2024,41,3,10.11646/phytotaxa.626.4.5,2-s2.0-85179497153,co_author,SDG 15 Life on Land
Biology,Bioscience,Ajarn Dr. Naritsada Thongklang,2022,Evidence for further non-coding RNA genes in the fungal rDNA region,Mycokeys,Q1,2024,84,4,10.3897/mycokeys.90.84866,2-s2.0-85139528527,co_author,SDG 15 Life on Land
Biology,Bioscience,Ajarn Dr. Naritsada Thongklang,2022,Fungal diversity notes 1512–1610: taxonomic and phylogenetic contributions on genera and species of fungal taxa,Fungal Diversity,Q1,2024,99,142,10.1007/s13225-022-00513-0,2-s2.0-85149114551,co_author,SDG 15 Life on Land
Biology,Bioscience,Ajarn Dr. Naritsada Thongklang,2022,History of Thai Mycology and Resolution of Taxonomy for Thai Macrofungi Confused with Europe and American Names,Chiang Mai Journal of Science,Q3,2024,49,19,10.12982/CMJS.2022.052,2-s2.0-85131842770,co_author,SDG 15 Life on Land
Biology,Bioscience,Ajarn Dr. Naritsada Thongklang,2022,Morel Production Associated with Soil Nitrogen-Fixing and Nitrifying Microorganisms,Journal of Fungi,Q1,2024,92,68,10.3390/jof8030299,2-s2.0-85127052836,co_author,SDG 2 Zero Hunger; SDG 15 Life on Land
Biology,Bioscience,Ajarn Dr. Naritsada Thongklang,2022,Mycosphere notes 345–386,Mycosphere,Q1,2024,98,62,10.5943/mycosphere/13/1/3,2-s2.0-85131081787,co_author,
Biology,Bioscience,Ajarn Dr. Naritsada Thongklang,2022,Optimal conditions for mycelial growth of medicinal mushrooms belonging to the genus Hericium,Mycological Progress,Q1,2024,85,31,10.1007/s11557-022-01829-6,2-s2.0-85139244399,co_author,
Biology,Bioscience,Ajarn Dr. Naritsada Thongklang,2022,Three New Species of Cystolepiota from Laos and Thailand,Diversity,Q1,2024,77,11,10.3390/d14060449,2-s2.0-85131813681,co_author,SDG 15 Life on Land
Biology,Bioscience,Ajarn Dr. Naritsada Thongklang,2022,Two new species of Leucoagaricus (Agaricaceae) from the Lao People’s Democratic Republic,Current Research in Environmental and Applied Mycology,Q2,2024,51,7,10.5943/cream/12/1/6,2-s2.0-85131941467,co_author,SDG 15 Life on Land
Biology,Bioscience,Ajarn Dr. Naritsada Thongklang,2022,https://gmsmushrooms.org/: A Comprehensive Online Database of Mushrooms in the Greater Mekong Sub Region,Chiang Mai Journal of Science,Q3,2024,49,4,10.12982/CMJS.2022.045,2-s2.0-85131787022,co_author,
Biology,Bioscience,Ajarn Dr. Natthawut Yodsuwan,2025,Optimization for High-Yield Adenosine Production from Cordyceps militaris in Submerged Fermentation,Asian Journal of Mycology,Q3,2024,48,0,10.5943/ajom/8/1/10,2-s2.0-105008334882,co_author,
Chemistry,Chemistry,Ajarn Dr. Prachak Inkaew,2026,Effect of Tacca Chantrieri André Rhizome Extract on Alleviating Memory Deficit in Scopolamine-Injected Rats by Protecting Against Oxidative Damage and Enhancing Cholinergic Function,Trends in Sciences,Q2,2024,59,0,10.48048/tis.2026.11161,2-s2.0-105025815863,first_author,SDG 3 Good Health and Well-being
Chemistry,Chemistry,Ajarn Dr. Prachak Inkaew,2026,Gold Screen-Printed Electrodes Fabricated from Compact Disc Recordables,Ecs Advances,Q3,2024,34,0,10.1149/2754-2734/ae5e92,2-s2.0-105037487359,first_author,
Chemistry,Chemistry,Ajarn Dr. Prachak Inkaew,2026,Neuroprotective effects of Tiliacora triandra (Colebr.) Diels leaf extract against lipopolysaccharide‑induced memory impairment via anti‑neuroinflammation,Biomedical Reports,Q1,2024,77,0,10.3892/br.2026.2148,2-s2.0-105037752019,co_author,SDG 3 Good Health and Well-being
Chemistry,Chemistry,Ajarn Dr. Prachak Inkaew,2026,Screen-Printed Electrodes Modified with Fe3O4-Activated Carbon Derived from Spent Coffee Grounds for Dopamine Detection in the Presence of Ascorbic Acid and Uric Acid,Trends in Sciences,Q2,2024,59,0,10.48048/tis.2026.11907,2-s2.0-105029304509,co_author,SDG 2 Zero Hunger; SDG 13 Climate Action
Chemistry,Chemistry,Ajarn Dr. Prachak Inkaew,2025,Tacca chantrieri André Rhizome Extract Alleviates Scopolamine-Induced Cognitive Impairment and Neuroinflammation in Rats,Advances in Pharmacological and Pharmaceutical Sciences,Q1,2024,78,4,10.1155/adpp/7334303,2-s2.0-105006572906,co_author,
Chemistry,Chemistry,Ajarn Dr. Prachak Inkaew,2023,Azadirachta indica A. Juss flower extract attenuates memory deficit induced by restraint stress in male rats,Physiology and Pharmacology Iran,Q4,2024,17,5,10.52547/phypha.27.1.10,2-s2.0-85175332330,co_author,SDG 3 Good Health and Well-being
Chemistry,Chemistry,Ajarn Dr. Prachak Inkaew,2023,Neuroprotective effect of Tiliacora triandra (Colebr.) Diels leaf extract on scopolamine-induced memory impairment in rats,Heliyon,Q1,2024,80,13,10.1016/j.heliyon.2023.e22545,2-s2.0-85178070969,co_author,SDG 3 Good Health and Well-being
Chemistry,Chemistry,Ajarn Dr. Prachak Inkaew,2022,Anxiolytic and antidepressant-like activities of aqueous extract of Azadirachta indica A. Juss. flower in the stressed rats,Heliyon,Q1,2024,80,26,10.1016/j.heliyon.2022.e08881,2-s2.0-85124240964,co_author,
Material Science Engineering,Material Science and Engineering,Assoc. Prof. Dr. Darunee Wattanasiriwech,2026,A comprehensive study of metakaolin-based geopolymer composites incorporating corncob aggregate for lightweight and multifunctional applications,Construction and Building Materials,Q1,2024,96,0,10.1016/j.conbuildmat.2026.145346,2-s2.0-105028504740,co_author,"SDG 9 Industry, Innovation and Infrastructure"
Material Science Engineering,Material Science and Engineering,Assoc. Prof. Dr. Darunee Wattanasiriwech,2026,Mechanical Properties of Fly Ash Geopolymer with Macadamia Nutshell Aggregates,Current Materials Science,Q4,2024,20,2,10.2174/0126661454307041240529113606,2-s2.0-105023293373,first_author,"SDG 9 Industry, Innovation and Infrastructure"
Material Science Engineering,Material Science and Engineering,Assoc. Prof. Dr. Darunee Wattanasiriwech,2025,"Effect of Natural Fiber Characteristics on Properties of Cementitious Composites: A Comparison of Recycled Pulp from Beverage Cartons, Bamboo, and Eucalyptus Fibers",Construction Materials,Q2,2024,57,1,10.3390/constrmater5030050,2-s2.0-105017273581,co_author,"SDG 9 Industry, Innovation and Infrastructure"
Material Science Engineering,Material Science and Engineering,Assoc. Prof. Dr. Darunee Wattanasiriwech,2025,Formulation of geopolymer coating spray and its antifungal activity,Journal of King Saud University Engineering Sciences,Q1,2024,98,0,10.1007/s44444-025-00063-1,2-s2.0-105024221801,co_author,"SDG 3 Good Health and Well-being; SDG 9 Industry, Innovation and Infrastructure"
Material Science Engineering,Material Science and Engineering,Assoc. Prof. Dr. Darunee Wattanasiriwech,2024,Formulation of geopolymer coating spray and its antifungal activity,Journal of King Saud University Engineering Sciences,Q1,2024,98,3,10.1016/j.jksues.2024.05.003,2-s2.0-85193908668,co_author,"SDG 3 Good Health and Well-being; SDG 9 Industry, Innovation and Infrastructure"
Material Science Engineering,Material Science and Engineering,Assoc. Prof. Dr. Darunee Wattanasiriwech,2024,Properties of Cementitious Composite Reinforced with Recycled Pulp from Beverage Cartons,Chiang Mai Journal of Science,Q3,2024,49,1,10.12982/CMJS.2024.063,2-s2.0-85202215538,co_author,"SDG 9 Industry, Innovation and Infrastructure"
Material Science Engineering,Material Science and Engineering,Assoc. Prof. Dr. Darunee Wattanasiriwech,2024,"Sustainable, multifunctional fly ash geopolymer composite with rice husk aggregates for improved acoustic, hygric, and thermal performance",Construction and Building Materials,Q1,2024,96,19,10.1016/j.conbuildmat.2024.137743,2-s2.0-85201686615,co_author,"SDG 2 Zero Hunger; SDG 9 Industry, Innovation and Infrastructure; SDG 12 Responsible Consumption and Production"
Material Science Engineering,Material Science and Engineering,Assoc. Prof. Dr. Darunee Wattanasiriwech,2023,Adsorption performance of macadamia husk-activated carbon from a household pyrolysis kiln,Green Materials,Q3,2024,49,9,10.1680/jgrma.22.00096,2-s2.0-85159577903,first_author,SDG 13 Climate Action
Material Science Engineering,Material Science and Engineering,Assoc. Prof. Dr. Darunee Wattanasiriwech,2023,Effect of magnesium sulfate on properties of low calcium fly ash based-geopolymer- treated hemp shiv bio-concrete,Construction and Building Materials,Q1,2024,96,19,10.1016/j.conbuildmat.2023.131714,2-s2.0-85160575490,co_author,"SDG 9 Industry, Innovation and Infrastructure"
Material Science Engineering,Material Science and Engineering,Assoc. Prof. Dr. Darunee Wattanasiriwech,2023,Enhancement of geopolymerisation reactivity and thermal resistance using mixed types of fly ash,Advances in Cement Research,Q2,2024,52,1,10.1680/jadcr.22.00079,2-s2.0-85160534449,co_author,
Material Science Engineering,Material Science and Engineering,Assoc. Prof. Dr. Darunee Wattanasiriwech,2023,NANO-SILICA DERIVED FROM POWER GENERATION RICE HUSK ASH WASTE BY PRECIPITATION,Ceramics Silikaty,Q4,2024,22,4,10.13168/cs.2022.0056,2-s2.0-85148989118,first_author,SDG 2 Zero Hunger; SDG 12 Responsible Consumption and Production
Material Science Engineering,Material Science and Engineering,Assoc. Prof. Dr. Darunee Wattanasiriwech,2023,Permeable Blocks with Waste Glass as Coarse Aggregate,Chiang Mai Journal of Science,Q3,2024,49,3,10.12982/CMJS.2023.062,2-s2.0-85177824125,co_author,"SDG 9 Industry, Innovation and Infrastructure; SDG 12 Responsible Consumption and Production"
Material Science Engineering,Material Science and Engineering,Assoc. Prof. Dr. Darunee Wattanasiriwech,2022,Paving block mortars made with mixed waste glass from municipality,Proceedings of Institution of Civil Engineers Waste and Resource Management,Q3,2024,40,4,10.1680/jwarm.22.00006,2-s2.0-85167662307,co_author,"SDG 9 Industry, Innovation and Infrastructure; SDG 12 Responsible Consumption and Production"
Material Science Engineering,Material Science and Engineering,Assoc. Prof. Dr. Darunee Wattanasiriwech,2022,Thermal and mechanical characterization of fly ash geopolymer with aluminium chloride and potassium hydroxide treated hemp shiv lightweight aggregate,Construction and Building Materials,Q1,2024,96,24,10.1016/j.conbuildmat.2022.127206,2-s2.0-85127201822,co_author,"SDG 9 Industry, Innovation and Infrastructure"
Material Science Engineering,Material Science and Engineering,Assoc. Prof. Dr. Nattakan Soykeabkaew,2026,Binderless Acoustic Panels From Rice Straw Pulp With Tunable Fiber Architectures,Advanced Engineering Materials,Q2,2024,74,0,10.1002/adem.202500447,2-s2.0-105031749944,co_author,"SDG 2 Zero Hunger; SDG 9 Industry, Innovation and Infrastructure"
Material Science Engineering,Material Science and Engineering,Assoc. Prof. Dr. Nattakan Soykeabkaew,2025,Comparative study on the ﬂexural properties and hardness of a PMMA-based dental composite,Scienceasia,Q2,2024,53,0,10.2306/scienceasia1513-1874.2025.082,2-s2.0-105021850885,co_author,"SDG 9 Industry, Innovation and Infrastructure"
Material Science Engineering,Material Science and Engineering,Assoc. Prof. Dr. Nattakan Soykeabkaew,2025,"Effect of Natural Fiber Characteristics on Properties of Cementitious Composites: A Comparison of Recycled Pulp from Beverage Cartons, Bamboo, and Eucalyptus Fibers",Construction Materials,Q2,2024,57,1,10.3390/constrmater5030050,2-s2.0-105017273581,co_author,"SDG 9 Industry, Innovation and Infrastructure"
Material Science Engineering,Material Science and Engineering,Assoc. Prof. Dr. Nattakan Soykeabkaew,2025,Hierarchical Natural Fibre Composites Based on Cellulose Nanocrystal-Modified Luffa Structures for Binderless Acoustic Panels,Polymers,Q1,2024,85,5,10.3390/polym17030281,2-s2.0-85217647218,co_author,
Material Science Engineering,Material Science and Engineering,Assoc. Prof. Dr. Nattakan Soykeabkaew,2025,High barrier bio-nanocomposite films of ethyl cellulose integrated with modified nanocellulose: effect of nanocellulose's substituted side chains on film performance,Rsc Applied Polymers,Q3,2024,30,3,10.1039/d4lp00356j,2-s2.0-105008680432,co_author,
Material Science Engineering,Material Science and Engineering,Assoc. Prof. Dr. Nattakan Soykeabkaew,2024,Application of chitosan films incorporated with Zanthoxylum limonella essential oil for extending shelf life of pork,International Journal of Biological Macromolecules,Q1,2024,92,29,10.1016/j.ijbiomac.2024.129703,2-s2.0-85185963453,co_author,
Material Science Engineering,Material Science and Engineering,Assoc. Prof. Dr. Nattakan Soykeabkaew,2024,Effect of Copper Chloride on Phase Structure and Properties of Synthesized Materials from Flue Gas Desulfurization Gypsum,Key Engineering Materials,Q4,2024,23,0,10.4028/p-L9cqRk,2-s2.0-85201301355,co_author,"SDG 9 Industry, Innovation and Infrastructure"
Material Science Engineering,Material Science and Engineering,Assoc. Prof. Dr. Nattakan Soykeabkaew,2024,Impact of glycerol on oil palm trunk starch bioplastics enhanced with citric-acid epoxidized palm oil oligomers,Case Studies in Chemical and Environmental Engineering,Q1,2024,88,21,10.1016/j.cscee.2024.100839,2-s2.0-85198185913,co_author,"SDG 9 Industry, Innovation and Infrastructure"
Material Science Engineering,Material Science and Engineering,Assoc. Prof. Dr. Nattakan Soykeabkaew,2024,Low-Density All-Cellulose Composites Made from Cotton Textile Waste with Promising Thermal Insulation and Acoustic Absorption Properties,ACS Applied Polymer Materials,Q1,2024,78,9,10.1021/acsapm.3c02076,2-s2.0-85181063469,co_author,"SDG 9 Industry, Innovation and Infrastructure; SDG 12 Responsible Consumption and Production"
Material Science Engineering,Material Science and Engineering,Assoc. Prof. Dr. Nattakan Soykeabkaew,2024,Monolithic Conjugated Microporous Polymer Aerogel for Triboelectric Nanogenerator,Advanced Functional Materials,Q1,2024,98,37,10.1002/adfm.202313534,2-s2.0-85184709543,co_author,"SDG 9 Industry, Innovation and Infrastructure"
Material Science Engineering,Material Science and Engineering,Assoc. Prof. Dr. Nattakan Soykeabkaew,2024,Preparation and characterization of chitosan-rice starch films incorporating Amomum verum Blackw essential oil for grape preservation,Food Bioscience,Q1,2024,77,23,10.1016/j.fbio.2024.105072,2-s2.0-85203800355,co_author,SDG 2 Zero Hunger
Material Science Engineering,Material Science and Engineering,Assoc. Prof. Dr. Nattakan Soykeabkaew,2024,Properties of Cementitious Composite Reinforced with Recycled Pulp from Beverage Cartons,Chiang Mai Journal of Science,Q3,2024,49,1,10.12982/CMJS.2024.063,2-s2.0-85202215538,co_author,"SDG 9 Industry, Innovation and Infrastructure"
Material Science Engineering,Material Science and Engineering,Assoc. Prof. Dr. Nattakan Soykeabkaew,2024,The Influence of Refining on Molded Pulps from Banana Pseudostem Waste After NH4OH–KOH Based Pulping and Single-Stage Bleaching,Waste and Biomass Valorization,Q2,2024,73,3,10.1007/s12649-023-02253-x,2-s2.0-85168615830,co_author,SDG 12 Responsible Consumption and Production
Material Science Engineering,Material Science and Engineering,Assoc. Prof. Dr. Nattakan Soykeabkaew,2023,Improved dispersibility of nanofibrillated cellulose via simple microwave-assisted esterification,Nanocomposites,Q1,2024,86,4,10.1080/20550324.2023.2285306,2-s2.0-85180410251,co_author,
Material Science Engineering,Material Science and Engineering,Assoc. Prof. Dr. Nattakan Soykeabkaew,2023,Sustainable nanocomposite coating for moulded pulp with enhanced barrier properties for food packaging applications,Polymer International,Q1,2024,79,33,10.1002/pi.6469,2-s2.0-85141383299,co_author,"SDG 2 Zero Hunger; SDG 9 Industry, Innovation and Infrastructure; SDG 12 Responsible Consumption and Production"
Material Science Engineering,Material Science and Engineering,Assoc. Prof. Dr. Nattakan Soykeabkaew,2022,Bio-nanocomposite foams of starch reinforced with bacterial nanocellulose fibers,Materials Today Proceedings,Q2,2024,73,18,10.1016/j.matpr.2022.12.049,2-s2.0-85144373839,co_author,
Material Science Engineering,Material Science and Engineering,Assoc. Prof. Dr. Nattakan Soykeabkaew,2022,Review of the recent developments in all-cellulose nanocomposites: Properties and applications,Carbohydrate Polymers,Q1,2024,98,208,10.1016/j.carbpol.2022.119192,2-s2.0-85125956408,co_author,
Chemistry,Chemistry,Assoc. Prof. Dr. Orawan Suwantong,2026,High-Efficiency Antimicrobial Air Filter Electrospun ZnO/Biochar/PAN Nanofiber,Fibers and Polymers,Q2,2024,57,0,10.1007/s12221-026-01353-4,2-s2.0-105030531478,co_author,SDG 3 Good Health and Well-being; SDG 12 Responsible Consumption and Production
Chemistry,Chemistry,Assoc. Prof. Dr. Orawan Suwantong,2026,Mangosteen extract-infused bacterial cellulose membranes: Characterization and antimicrobial performance for wound dressing applications,Journal of Bioactive and Compatible Polymers,Q3,2024,47,0,10.1177/08839115261445944,2-s2.0-105038030809,co_author,SDG 3 Good Health and Well-being
Chemistry,Chemistry,Assoc. Prof. Dr. Orawan Suwantong,2026,Multifunctional injectable self-healing hydrogels based on quaternized chitosan-gallic acid and oxidized pectin for use in wound management,International Journal of Biological Macromolecules,Q1,2024,92,0,10.1016/j.ijbiomac.2026.150746,2-s2.0-105029697015,co_author,
Chemistry,Chemistry,Assoc. Prof. Dr. Orawan Suwantong,2026,Poly(styrene-alt-maleic acid)-assisted Membrane Solubilization for Improved Immobilization and Catalytic Performance of Soybean Lipolytic Enzymes in Electrospun Poly(vinyl alcohol) Fibers,ACS Omega,Q1,2024,77,0,10.1021/acsomega.5c09274,2-s2.0-105030195224,co_author,"SDG 9 Industry, Innovation and Infrastructure"
Chemistry,Chemistry,Assoc. Prof. Dr. Orawan Suwantong,2025,Bioactivities of Protein Hydrolysates Prepared froSchizophyllum commune,Chiang Mai Journal of Science,Q3,2024,49,0,10.12982/CMJS.2025.095,2-s2.0-105026569351,co_author,
Chemistry,Chemistry,Assoc. Prof. Dr. Orawan Suwantong,2025,Effect of incorporating α-mangostin or curcumin-β-cyclodextrin inclusion complexes on biological activities of injectable self-healing quaternized chitosan/oxidized pectin hydrogels for wound dressing applications,Polymer,Q1,2024,82,3,10.1016/j.polymer.2025.128721,2-s2.0-105009687638,co_author,"SDG 9 Industry, Innovation and Infrastructure"
Chemistry,Chemistry,Assoc. Prof. Dr. Orawan Suwantong,2025,"Novel antioxidant peptides from hydrolyzed proteins of Volvariella volvacea: Purification, characterization and protective effects on H2O2-induced human skin fibroblasts",Food Bioscience,Q1,2024,77,10,10.1016/j.fbio.2025.105825,2-s2.0-85214345691,co_author,SDG 2 Zero Hunger
Chemistry,Chemistry,Assoc. Prof. Dr. Orawan Suwantong,2025,Potential of siRNA nanoparticles-loaded chitosan/silk sericin thermosensitive hydrogels as injectable therapeutics for breast cancer,Polymer,Q1,2024,82,2,10.1016/j.polymer.2025.129019,2-s2.0-105015138671,co_author,"SDG 3 Good Health and Well-being; SDG 9 Industry, Innovation and Infrastructure"
Chemistry,Chemistry,Assoc. Prof. Dr. Orawan Suwantong,2025,"Potential use of hydrogels based on alginate, carboxymethyl cellulose, and poly(vinyl alcohol) containing amoxicillin/butterfly pea flower extract for pH-responsive antibacterial wound dressings",International Journal of Biological Macromolecules,Q1,2024,92,7,10.1016/j.ijbiomac.2025.146167,2-s2.0-105011160320,co_author,SDG 3 Good Health and Well-being
Chemistry,Chemistry,Assoc. Prof. Dr. Orawan Suwantong,2024,Camellia Oleifera oil-loaded chitosan nanoparticles embedded in hydrogels as cosmeceutical products with improved biological properties and sustained drug release,International Journal of Biological Macromolecules,Q1,2024,92,11,10.1016/j.ijbiomac.2024.133560,2-s2.0-85197594714,co_author,SDG 3 Good Health and Well-being
Chemistry,Chemistry,Assoc. Prof. Dr. Orawan Suwantong,2024,Enhancing wound dressing performance with hydrogel-embedded longan seed extract-loaded alginate/chitosan beads,Polymer,Q1,2024,82,5,10.1016/j.polymer.2024.127002,2-s2.0-85189703065,co_author,"SDG 9 Industry, Innovation and Infrastructure"
Chemistry,Chemistry,Assoc. Prof. Dr. Orawan Suwantong,2024,Evaluation of polycaprolactone scaffolds containing a crude Curcuma comosa extract for potential use as cartilage scaffolds,Emergent Materials,Q1,2024,78,1,10.1007/s42247-024-00702-4,2-s2.0-85190095700,co_author,
Chemistry,Chemistry,Assoc. Prof. Dr. Orawan Suwantong,2024,Preparation and Characterization of Hydroxypropyl Methylcellulose/Polyvinyl Alcohol Mucoadhesive Buccal Film of Cannabidiol,Journal of Polymers and the Environment,Q1,2024,87,6,10.1007/s10924-023-03160-x,2-s2.0-85181461469,co_author,
Chemistry,Chemistry,Assoc. Prof. Dr. Orawan Suwantong,2024,Preparation and utilization of biochar from agricultural wastes as ethylene absorber for ‘Gros Michel’ banana ripening,Industrial Crops and Products,Q1,2024,92,14,10.1016/j.indcrop.2024.119860,2-s2.0-85206877603,co_author,SDG 2 Zero Hunger; SDG 12 Responsible Consumption and Production
Chemistry,Chemistry,Assoc. Prof. Dr. Orawan Suwantong,2023,Cannabidiol/β-Cyclodextrin Inclusion Complex-Loaded Poly(Vinyl Alcohol) Semi-solid Hydrogels for Potential Use in Wound Management,Journal of Polymers and the Environment,Q1,2024,87,17,10.1007/s10924-023-02845-7,2-s2.0-85153359983,co_author,
Chemistry,Chemistry,Assoc. Prof. Dr. Orawan Suwantong,2023,"Corrigendum to “Physicochemical and in vitro biological evaluation of an injectable self-healing quaternized chitosan/oxidized pectin hydrogel for potential use as a wound dressing material” [Int. J. Biol. Macromol. volume 242, Part 4 (2023) 124984](S0141813023018780)(10.1016/j.ijbiomac.2023.124984)",International Journal of Biological Macromolecules,Q1,2024,92,1,10.1016/j.ijbiomac.2023.126156,2-s2.0-85168518887,co_author,"SDG 9 Industry, Innovation and Infrastructure"
Chemistry,Chemistry,Assoc. Prof. Dr. Orawan Suwantong,2023,Curative Effects of Copper Iodide Embedded on Gallic Acid Incorporated in a Poly(vinyl alcohol) (PVA) Liquid Bandage,Gels,Q1,2024,81,12,10.3390/gels9010053,2-s2.0-85146746144,co_author,
Chemistry,Chemistry,Assoc. Prof. Dr. Orawan Suwantong,2023,Nanoencapsulation of Garcinia cowa leaf extract and its biological activities for potential use in pharmaceutical and cosmeceutical products,Colloid and Polymer Science,Q2,2024,54,3,10.1007/s00396-023-05158-2,2-s2.0-85168612406,co_author,"SDG 9 Industry, Innovation and Infrastructure"
Chemistry,Chemistry,Assoc. Prof. Dr. Orawan Suwantong,2023,Physicochemical and in vitro biological evaluation of an injectable self-healing quaternized chitosan/oxidized pectin hydrogel for potential use as a wound dressing material,International Journal of Biological Macromolecules,Q1,2024,92,40,10.1016/j.ijbiomac.2023.124984,2-s2.0-85161078975,co_author,"SDG 9 Industry, Innovation and Infrastructure"
Chemistry,Chemistry,Assoc. Prof. Dr. Orawan Suwantong,2023,"Potential use of propolis-loaded quaternized chitosan/pectin hydrogel films as wound dressings: Preparation, characterization, antibacterial evaluation, and in vitro healing assay",International Journal of Biological Macromolecules,Q1,2024,92,66,10.1016/j.ijbiomac.2023.124633,2-s2.0-85154041036,co_author,SDG 3 Good Health and Well-being
Chemistry,Chemistry,Assoc. Prof. Dr. Orawan Suwantong,2023,Preparation and Characterization of Porous Natural Rubber Loaded with Silver Nanoparticles,Current Applied Science and Technology,Q3,2024,43,1,10.55003/cast.2022.03.23.008,2-s2.0-85159817494,co_author,
Chemistry,Chemistry,Assoc. Prof. Dr. Orawan Suwantong,2022,Biodegradable microneedle fabricated from sodium alginate-gelatin for transdermal delivery of clindamycin,Materials Today Communications,Q2,2024,72,42,10.1016/j.mtcomm.2022.104158,2-s2.0-85135706414,co_author,SDG 12 Responsible Consumption and Production
Chemistry,Chemistry,Assoc. Prof. Dr. Orawan Suwantong,2022,Potential of Longan Seed Extract–Loaded Alginate–Chitosan Beads as Drug Delivery System,Frontiers in Materials,Q2,2024,70,9,10.3389/fmats.2022.818595,2-s2.0-85124706437,co_author,SDG 3 Good Health and Well-being
Chemistry,Chemistry,Assoc. Prof. Dr. Orawan Suwantong,2022,Quercetin/Hydroxypropyl-β-Cyclodextrin Inclusion Complex-Loaded Hydrogels for Accelerated Wound Healing,Gels,Q1,2024,81,66,10.3390/gels8090573,2-s2.0-85138725619,co_author,
Chemistry,Chemistry,Assoc. Prof. Dr. Orawan Suwantong,2022,The potential use of colorimetric pH sensor from Clitoria ternatea flower for indicating bacterial infection in wound dressing application,Microchemical Journal,Q1,2024,80,21,10.1016/j.microc.2022.107277,2-s2.0-85124466383,co_author,"SDG 9 Industry, Innovation and Infrastructure"
Chemistry,Chemistry,Assoc. Prof. Dr. Patcharee Pripdeevech,2026,"Antibacterial, antibiofilm, and metabolomic profiling of the novel freshwater fungi Longipedicellata megafusiformis and Wicklowia fusiformispora",Scientific Reports,Q1,2024,89,0,10.1038/s41598-026-36637-5,2-s2.0-105029835089,co_author,SDG 3 Good Health and Well-being; SDG 6 Clean Water and Sanitation; SDG 15 Life on Land
Chemistry,Chemistry,Assoc. Prof. Dr. Patcharee Pripdeevech,2026,Enhancing the recovery of bioactive compounds from rain tree (Samanea saman) seeds through optimized ultrasound-assisted extraction and response surface methodology,Journal of the Saudi Society of Agricultural Sciences,Q1,2024,94,0,10.1007/s44447-026-00136-w,2-s2.0-105033632665,co_author,SDG 2 Zero Hunger
Chemistry,Chemistry,Assoc. Prof. Dr. Patcharee Pripdeevech,2026,Multi-matrix Investigation of Heavy Metals and Arsenic Speciation in the Mae-Kok River System: Chemical Characterization and Source Attribution,Archives of Environmental Contamination and Toxicology,Q1,2024,89,0,10.1007/s00244-026-01188-3,2-s2.0-105037096387,co_author,SDG 6 Clean Water and Sanitation
Chemistry,Chemistry,Assoc. Prof. Dr. Patcharee Pripdeevech,2025,An Anisole Derivative in the Essential oil of Wurfbainia schmidtii with Virucidal Activity Against SARS-CoV-2 and Anti-Inflammatory Properties,Natural Product Communications,Q2,2024,60,2,10.1177/1934578X251323479,2-s2.0-105000685402,co_author,
Chemistry,Chemistry,Assoc. Prof. Dr. Patcharee Pripdeevech,2025,"Antioxidant and cytotoxic activities of extracts from rare saprobic fungi, Melanographium smilacis, Helminthosporium chiangraiense, Pleopunctum thailandicum, and Pseudochaetosphaeronema chiangraiense",Folia Microbiologica,Q2,2024,59,0,10.1007/s12223-025-01334-9,2-s2.0-105018336439,co_author,SDG 15 Life on Land
Chemistry,Chemistry,Assoc. Prof. Dr. Patcharee Pripdeevech,2025,"Diurnal variations of biogenic volatile organic compounds and their role in secondary pollutant formation in the Huai Hong Khrai subtropical forest, Thailand",Environmental Pollution,Q1,2024,98,9,10.1016/j.envpol.2025.126044,2-s2.0-86000620444,co_author,SDG 13 Climate Action; SDG 15 Life on Land
Chemistry,Chemistry,Assoc. Prof. Dr. Patcharee Pripdeevech,2025,High barrier bio-nanocomposite films of ethyl cellulose integrated with modified nanocellulose: effect of nanocellulose's substituted side chains on film performance,Rsc Applied Polymers,Q3,2024,30,3,10.1039/d4lp00356j,2-s2.0-105008680432,co_author,
Chemistry,Chemistry,Assoc. Prof. Dr. Patcharee Pripdeevech,2025,Identifying PM2.5-bound metal pollution sources in Southern Thailand using positive matrix factorization and principal component analysis,Atmospheric Environment X,Q1,2024,81,10,10.1016/j.aeaoa.2025.100337,2-s2.0-105005731342,co_author,SDG 11 Sustainable Cities and Communities; SDG 13 Climate Action
Chemistry,Chemistry,Assoc. Prof. Dr. Patcharee Pripdeevech,2025,Seasonal volatile organic compound dynamics in urban and forest environments in Thailand: Implications for air quality and secondary pollutants,Environmental Pollution,Q1,2024,98,16,10.1016/j.envpol.2024.125565,2-s2.0-85212950890,first_author,SDG 11 Sustainable Cities and Communities; SDG 13 Climate Action; SDG 15 Life on Land
Chemistry,Chemistry,Assoc. Prof. Dr. Patcharee Pripdeevech,2025,Secondary metabolites of Minutisphaera thailandensis and Hongkongmyces kokensis revealed by LC–QTOF–MS and their antimicrobial and cytotoxic activities,Scientific Reports,Q1,2024,89,3,10.1038/s41598-025-25050-z,2-s2.0-105022592640,co_author,SDG 3 Good Health and Well-being
Chemistry,Chemistry,Assoc. Prof. Dr. Patcharee Pripdeevech,2024,Application of chitosan films incorporated with Zanthoxylum limonella essential oil for extending shelf life of pork,International Journal of Biological Macromolecules,Q1,2024,92,29,10.1016/j.ijbiomac.2024.129703,2-s2.0-85185963453,co_author,
Chemistry,Chemistry,Assoc. Prof. Dr. Patcharee Pripdeevech,2024,Biotransformation of essential oil composition of Zanthoxylum limonella by the fungus Pleopunctum pseudoellipsoideum provides the products with enhanced antimicrobial activities,Process Biochemistry,Q1,2024,77,1,10.1016/j.procbio.2023.11.030,2-s2.0-85179622704,co_author,SDG 3 Good Health and Well-being
Chemistry,Chemistry,Assoc. Prof. Dr. Patcharee Pripdeevech,2024,"Chemical characterization of activated carbon derived from Napier grass, rubber wood, bamboo, and hemp",International Journal of Renewable Energy Development,Q2,2024,67,4,10.61435/ijred.2024.60502,2-s2.0-85209695147,co_author,SDG 7 Affordable and Clean Energy; SDG 13 Climate Action
Chemistry,Chemistry,Assoc. Prof. Dr. Patcharee Pripdeevech,2024,Cytotoxic Polyhydroxy-Isoprenoids from Neodidymelliopsis negundinis,Journal of Natural Products,Q1,2024,86,7,10.1021/acs.jnatprod.3c01094,2-s2.0-85185597079,first_author,
Chemistry,Chemistry,Assoc. Prof. Dr. Patcharee Pripdeevech,2024,Effect of Grain Coating by Natural Materials on the Aroma Quality of KDML105 Rice,Chiang Mai Journal of Science,Q3,2024,49,0,10.12982/CMJS.2024.084,2-s2.0-85210438678,co_author,SDG 2 Zero Hunger
Chemistry,Chemistry,Assoc. Prof. Dr. Patcharee Pripdeevech,2024,Preparation and characterization of chitosan-rice starch films incorporating Amomum verum Blackw essential oil for grape preservation,Food Bioscience,Q1,2024,77,23,10.1016/j.fbio.2024.105072,2-s2.0-85203800355,first_author,SDG 2 Zero Hunger
Chemistry,Chemistry,Assoc. Prof. Dr. Patcharee Pripdeevech,2024,Seasonal and height dynamics of volatile organic compounds in rubber plantation: Impacts on ozone and secondary organic aerosol formation,Science of the Total Environment,Q1,2024,94,14,10.1016/j.scitotenv.2024.173984,2-s2.0-85196501660,co_author,
Chemistry,Chemistry,Assoc. Prof. Dr. Patcharee Pripdeevech,2023,Antibacterial activity and synergic effects of the essential oils of Amomum verum Blackw and Zanthoxylum limonella (Dennst.) Alston,Archives of Microbiology,Q2,2024,59,8,10.1007/s00203-023-03436-9,2-s2.0-85149297399,co_author,SDG 3 Good Health and Well-being
Chemistry,Chemistry,Assoc. Prof. Dr. Patcharee Pripdeevech,2023,Biodegradable antifungal films from nanocellulose-gellan gum incorporated with Anethum graveolens essential oil for bread packaging,International Journal of Biological Macromolecules,Q1,2024,92,25,10.1016/j.ijbiomac.2023.125244,2-s2.0-85161313592,co_author,SDG 3 Good Health and Well-being; SDG 12 Responsible Consumption and Production
Chemistry,Chemistry,Assoc. Prof. Dr. Patcharee Pripdeevech,2023,Improved dispersibility of nanofibrillated cellulose via simple microwave-assisted esterification,Nanocomposites,Q1,2024,86,4,10.1080/20550324.2023.2285306,2-s2.0-85180410251,co_author,
Chemistry,Chemistry,Assoc. Prof. Dr. Patcharee Pripdeevech,2023,Lasiodipline G and other diketopiperazine metabolites produced by Lasiodiplodia chiangraiensis,Rsc Advances,Q1,2024,79,4,10.1039/d3ra03242f,2-s2.0-85164600290,co_author,
Chemistry,Chemistry,Assoc. Prof. Dr. Patcharee Pripdeevech,2023,Optimization of enzyme-assisted microwave extraction of Zanthoxylum limonella essential oil using response surface methodology,Scientific Reports,Q1,2024,89,26,10.1038/s41598-023-40142-4,2-s2.0-85167370299,co_author,
Chemistry,Chemistry,Assoc. Prof. Dr. Patcharee Pripdeevech,2022,Biodegradation of Polyester Polyurethane by Embarria clematidis,Frontiers in Microbiology,Q1,2024,80,44,10.3389/fmicb.2022.874842,2-s2.0-85133501416,co_author,
Chemistry,Chemistry,Assoc. Prof. Dr. Patcharee Pripdeevech,2022,"Chemical composition, antioxidant, and antimicrobial activity of Elsholtzia beddomei C. B. Clarke ex Hook. f. essential oil",Scientific Reports,Q1,2024,89,24,10.1038/s41598-022-06358-6,2-s2.0-85124325144,co_author,SDG 3 Good Health and Well-being
Chemistry,Chemistry,Assoc. Prof. Dr. Patcharee Pripdeevech,2022,Microbial degradation of low-density polyethylene by Neopestalotiopsis phangngaensis,Journal of General and Applied Microbiology,Q3,2024,25,11,10.2323/jgam.2022.07.001,2-s2.0-85150000739,co_author,
Chemistry,Chemistry,Assoc. Prof. Dr. Patcharee Pripdeevech,2022,Volatile Compounds of Mitrephora wangii Flowers by Solid-Phase Microextraction-Gas Chromatography-Mass Spectrometry,Chemistry of Natural Compounds,Q3,2024,27,3,10.1007/s10600-022-03739-1,2-s2.0-85132199447,co_author,
CIX,Computational Science,Assoc. Prof. Dr. Piyanuch Siriwat,2026,Criteria for Reduction of a Nonlinear Parabolic (1+1) Equation by a Point Transformation to the Classical Heat Equation,Studies in Applied Mathematics,Q1,2024,77,0,10.1111/sapm.70225,2-s2.0-105037657314,co_author,
CIX,Computational Science,Assoc. Prof. Dr. Piyanuch Siriwat,2025,Appropriate Parameters for Preheat Friction Stir Welding of 6061-T6 Aluminum Alloys Using Taguchi Method,Defect and Diffusion Forum,Q3,2024,26,0,10.4028/p-qX8uLs,2-s2.0-105008757657,co_author,
CIX,Computational Science,Assoc. Prof. Dr. Piyanuch Siriwat,2025,Equations equivalent to the classical one-dimensional heat equation by reciprocal transformations,De Gruyter Proceedings in Mathematics,Q4,2024,0,0,10.1515/9783112226933-009,2-s2.0-105032136936,first_author,
CIX,Computational Science,Assoc. Prof. Dr. Piyanuch Siriwat,2025,Equivalence to the Classical Heat Equation Through Reciprocal Transformations,Studies in Applied Mathematics,Q1,2024,77,3,10.1111/sapm.70010,2-s2.0-85216324744,co_author,
CIX,Computational Science,Assoc. Prof. Dr. Piyanuch Siriwat,2023,Adsorption of Tetracycline by Magnetic Mesoporous Silica Derived from Bottom Ash—Biomass Power Plant,Sustainability Switzerland,Q1,2024,90,7,10.3390/su15064727,2-s2.0-85181777972,co_author,SDG 12 Responsible Consumption and Production
CIX,Computational Science,Assoc. Prof. Dr. Piyanuch Siriwat,2023,Lie group approach for constructing all reciprocal transformations: The two-dimensional stationary gas dynamics equations,Mathematical Methods in the Applied Sciences,Q1,2024,93,2,10.1002/mma.8614,2-s2.0-85135231672,first_author,
CIX,Computational Science,Assoc. Prof. Dr. Piyanuch Siriwat,2023,Optimization of enzyme-assisted microwave extraction of Zanthoxylum limonella essential oil using response surface methodology,Scientific Reports,Q1,2024,89,26,10.1038/s41598-023-40142-4,2-s2.0-85167370299,co_author,
CIX,Computational Science,Assoc. Prof. Dr. Piyanuch Siriwat,2023,Sequential Hilfer-Hadamard Fractional Three-Point Boundary Value Problems,Thai Journal of Mathematics,Q4,2024,17,4,2-s2.0-85186623027,2-s2.0-85186623027,co_author,
CIX,Computational Science,Assoc. Prof. Dr. Piyanuch Siriwat,2022,GROUP CLASSIFICATION OF THE TWO-DIMENSIONAL GREEN–NAGHDI EQUATIONS WITH A TIME-DEPENDENT BOTTOM TOPOGRAPHY,Journal of Applied Mechanics and Technical Physics,Q4,2024,23,2,10.1134/S0021894422060086,2-s2.0-85149657610,co_author,
CIX,Computational Science,Assoc. Prof. Dr. Piyanuch Siriwat,2022,Group analysis of the two-dimensional two-temperature gas dynamics equations,Mathematical Methods in the Applied Sciences,Q1,2024,93,2,10.1002/mma.8361,2-s2.0-85132646356,first_author,
Biology,Bioscience,Assoc. Prof. Dr. Siam Popluechai,2026,A non-lethal method for the sampling of the gut microbiota in Betta splendens,Frontiers in Veterinary Science,Q1,2024,94,0,10.3389/fvets.2026.1702535,2-s2.0-105030612423,co_author,SDG 3 Good Health and Well-being
Biology,Bioscience,Assoc. Prof. Dr. Siam Popluechai,2026,"Associations among diet, gut microbiota, and hypertension: A cross-sectional study in Thai subjects",Peerj,Q1,2024,83,0,10.7717/peerj.21135,2-s2.0-105039095915,co_author,SDG 3 Good Health and Well-being
Biology,Bioscience,Assoc. Prof. Dr. Siam Popluechai,2025,Comparison of the Bacterial and Fungal Communities and Metabolic Functions of Cottonseed Hull Waste Compost Associated with High and Low Yields of Straw Mushroom Volvariella volvacea,Microorganisms,Q1,2024,78,2,10.3390/microorganisms13020437,2-s2.0-85219030792,co_author,SDG 2 Zero Hunger; SDG 12 Responsible Consumption and Production; SDG 15 Life on Land
Biology,Bioscience,Assoc. Prof. Dr. Siam Popluechai,2025,Effects of ethnicity and geography on the fecal microbiota and dietary habits of Tibeto-Burman hill tribes in Northern Thailand,Plos One,Q1,2024,86,1,10.1371/journal.pone.0332108,2-s2.0-105017802092,co_author,SDG 3 Good Health and Well-being
Biology,Bioscience,Assoc. Prof. Dr. Siam Popluechai,2025,Gut microbiome and fecal metabolite profiles in obese school-aged children from Northern Thailand,Frontiers in Microbiology,Q1,2024,80,0,10.3389/fmicb.2025.1657839,2-s2.0-105017073732,co_author,
Biology,Bioscience,Assoc. Prof. Dr. Siam Popluechai,2025,"Network pharmacology and metabolomics reveal mathurameha, a Thai traditional Anti-Diabetic formula, enhances glucose metabolism through PI3K-AKT/AMPK/GLUT4 pathway modulation",Scientific Reports,Q1,2024,89,1,10.1038/s41598-025-15556-x,2-s2.0-105013467436,co_author,
Biology,Bioscience,Assoc. Prof. Dr. Siam Popluechai,2024,Barriers and enablers to the effective implementation of omics research in low- and middle-income countries,Nature Biotechnology,Q1,2024,99,6,10.1038/s41587-024-02274-4,2-s2.0-85196291933,co_author,
Biology,Bioscience,Assoc. Prof. Dr. Siam Popluechai,2024,Blastocystis colonization and associations with population parameters in Thai adults,Plos Neglected Tropical Diseases,Q1,2024,87,9,10.1371/journal.pntd.0012292,2-s2.0-85199223709,co_author,
Biology,Bioscience,Assoc. Prof. Dr. Siam Popluechai,2024,Molecular Characterization of Wild Tea Plants (Camellia spp.) in Thailand Using DNA Barcoding Markers,Asian Journal of Plant Sciences,Q3,2024,33,0,10.3923/ajps.2024.345.366,2-s2.0-85202583360,co_author,SDG 2 Zero Hunger
Biology,Bioscience,Assoc. Prof. Dr. Siam Popluechai,2023,Blastocystis subtypes in raw vegetables from street markets in northern Thailand,Parasitology Research,Q1,2024,83,14,10.1007/s00436-023-07781-y,2-s2.0-85146608802,co_author,
Biology,Bioscience,Assoc. Prof. Dr. Siam Popluechai,2023,Circulation and colonisation of Blastocystis subtypes in schoolchildren of various ethnicities in rural northern Thailand,Epidemiology and Infection,Q2,2024,64,17,10.1017/S0950268823000596,2-s2.0-85156254256,co_author,SDG 3 Good Health and Well-being
Biology,Bioscience,Assoc. Prof. Dr. Siam Popluechai,2023,Dark-purple rice extract modulates gut microbiota composition in acetic acid– and indomethacin-induced inflammatory bowel disease in rats,International Microbiology,Q2,2024,55,20,10.1007/s10123-022-00309-x,2-s2.0-85143589689,co_author,SDG 2 Zero Hunger; SDG 3 Good Health and Well-being
Biology,Bioscience,Assoc. Prof. Dr. Siam Popluechai,2023,Erratum: Circulation and colonisation of Blastocystis subtypes in schoolchildren of various ethnicities in rural northern Thailand (Epidemiology and Infection (2023) 151 (E77) DOI: 10.1017/S0950268823000596),Epidemiology and Infection,Q2,2024,64,0,10.1017/S095026882300078X,2-s2.0-85160969403,co_author,SDG 3 Good Health and Well-being
Biology,Bioscience,Assoc. Prof. Dr. Siam Popluechai,2022,"A Non-Randomized Trial Investigating the Impact of Brown Rice Consumption on Gut Microbiota, Attention, and Short-Term Working Memory in Thai School-Aged Children",Nutrients,Q1,2024,88,6,10.3390/nu14235176,2-s2.0-85143511493,co_author,SDG 2 Zero Hunger; SDG 3 Good Health and Well-being
Biology,Bioscience,Assoc. Prof. Dr. Siam Popluechai,2022,Blastocystis in tap water of a community in northern Thailand,Parasitology International,Q2,2024,59,23,10.1016/j.parint.2022.102624,2-s2.0-85134590735,co_author,SDG 6 Clean Water and Sanitation
Biology,Bioscience,Assoc. Prof. Dr. Siam Popluechai,2022,Distinct gut microbiota profiles of Asian honey bee (Apis cerana) foragers,Archives of Microbiology,Q2,2024,59,10,10.1007/s00203-022-02800-5,2-s2.0-85125020377,co_author,SDG 3 Good Health and Well-being
Biology,Bioscience,Assoc. Prof. Dr. Siam Popluechai,2022,Siamese Fighting Fish (Betta splendens Regan) Gut Microbiota Associated with Age and Gender,Fishes,Q2,2024,59,10,10.3390/fishes7060347,2-s2.0-85144657454,co_author,SDG 3 Good Health and Well-being
Biology,Bioscience,Assoc. Prof. Dr. Siam Popluechai,2022,The fecal microbiota of Thai school-aged children associated with demographic factors and diet,Peerj,Q1,2024,83,7,10.7717/peerj.13325,2-s2.0-85128604483,co_author,SDG 3 Good Health and Well-being
Biology,Bioscience,Assoc. Prof. Dr. Siraprapa Mahanil,2024,Unveiling novel Neocosmospora species from Thai mangroves as potent biocontrol agents against Colletotrichum species,Journal of Applied Microbiology,Q1,2024,76,2,10.1093/jambio/lxae114,2-s2.0-85193552951,co_author,SDG 15 Life on Land
Material Science Engineering,Material Science and Engineering,Assoc. Prof. Dr. Suthee Wattanasiriwech,2026,A comprehensive study of metakaolin-based geopolymer composites incorporating corncob aggregate for lightweight and multifunctional applications,Construction and Building Materials,Q1,2024,96,0,10.1016/j.conbuildmat.2026.145346,2-s2.0-105028504740,co_author,"SDG 9 Industry, Innovation and Infrastructure"
Material Science Engineering,Material Science and Engineering,Assoc. Prof. Dr. Suthee Wattanasiriwech,2026,Mechanical Properties of Fly Ash Geopolymer with Macadamia Nutshell Aggregates,Current Materials Science,Q4,2024,20,2,10.2174/0126661454307041240529113606,2-s2.0-105023293373,first_author,"SDG 9 Industry, Innovation and Infrastructure"
Material Science Engineering,Material Science and Engineering,Assoc. Prof. Dr. Suthee Wattanasiriwech,2025,"Effect of Natural Fiber Characteristics on Properties of Cementitious Composites: A Comparison of Recycled Pulp from Beverage Cartons, Bamboo, and Eucalyptus Fibers",Construction Materials,Q2,2024,57,1,10.3390/constrmater5030050,2-s2.0-105017273581,co_author,"SDG 9 Industry, Innovation and Infrastructure"
Material Science Engineering,Material Science and Engineering,Assoc. Prof. Dr. Suthee Wattanasiriwech,2025,Formulation of geopolymer coating spray and its antifungal activity,Journal of King Saud University Engineering Sciences,Q1,2024,98,0,10.1007/s44444-025-00063-1,2-s2.0-105024221801,co_author,"SDG 3 Good Health and Well-being; SDG 9 Industry, Innovation and Infrastructure"
Material Science Engineering,Material Science and Engineering,Assoc. Prof. Dr. Suthee Wattanasiriwech,2024,Formulation of geopolymer coating spray and its antifungal activity,Journal of King Saud University Engineering Sciences,Q1,2024,98,3,10.1016/j.jksues.2024.05.003,2-s2.0-85193908668,co_author,"SDG 3 Good Health and Well-being; SDG 9 Industry, Innovation and Infrastructure"
Material Science Engineering,Material Science and Engineering,Assoc. Prof. Dr. Suthee Wattanasiriwech,2024,Properties of Cementitious Composite Reinforced with Recycled Pulp from Beverage Cartons,Chiang Mai Journal of Science,Q3,2024,49,1,10.12982/CMJS.2024.063,2-s2.0-85202215538,co_author,"SDG 9 Industry, Innovation and Infrastructure"
Material Science Engineering,Material Science and Engineering,Assoc. Prof. Dr. Suthee Wattanasiriwech,2024,"Sustainable, multifunctional fly ash geopolymer composite with rice husk aggregates for improved acoustic, hygric, and thermal performance",Construction and Building Materials,Q1,2024,96,19,10.1016/j.conbuildmat.2024.137743,2-s2.0-85201686615,co_author,"SDG 2 Zero Hunger; SDG 9 Industry, Innovation and Infrastructure; SDG 12 Responsible Consumption and Production"
Material Science Engineering,Material Science and Engineering,Assoc. Prof. Dr. Suthee Wattanasiriwech,2023,Adsorption performance of macadamia husk-activated carbon from a household pyrolysis kiln,Green Materials,Q3,2024,49,9,10.1680/jgrma.22.00096,2-s2.0-85159577903,first_author,SDG 13 Climate Action
Material Science Engineering,Material Science and Engineering,Assoc. Prof. Dr. Suthee Wattanasiriwech,2023,Effect of magnesium sulfate on properties of low calcium fly ash based-geopolymer- treated hemp shiv bio-concrete,Construction and Building Materials,Q1,2024,96,19,10.1016/j.conbuildmat.2023.131714,2-s2.0-85160575490,co_author,"SDG 9 Industry, Innovation and Infrastructure"
Material Science Engineering,Material Science and Engineering,Assoc. Prof. Dr. Suthee Wattanasiriwech,2023,Enhancement of geopolymerisation reactivity and thermal resistance using mixed types of fly ash,Advances in Cement Research,Q2,2024,52,1,10.1680/jadcr.22.00079,2-s2.0-85160534449,co_author,
Material Science Engineering,Material Science and Engineering,Assoc. Prof. Dr. Suthee Wattanasiriwech,2023,NANO-SILICA DERIVED FROM POWER GENERATION RICE HUSK ASH WASTE BY PRECIPITATION,Ceramics Silikaty,Q4,2024,22,4,10.13168/cs.2022.0056,2-s2.0-85148989118,first_author,SDG 2 Zero Hunger; SDG 12 Responsible Consumption and Production
Material Science Engineering,Material Science and Engineering,Assoc. Prof. Dr. Suthee Wattanasiriwech,2023,Permeable Blocks with Waste Glass as Coarse Aggregate,Chiang Mai Journal of Science,Q3,2024,49,3,10.12982/CMJS.2023.062,2-s2.0-85177824125,co_author,"SDG 9 Industry, Innovation and Infrastructure; SDG 12 Responsible Consumption and Production"
Material Science Engineering,Material Science and Engineering,Assoc. Prof. Dr. Suthee Wattanasiriwech,2022,Paving block mortars made with mixed waste glass from municipality,Proceedings of Institution of Civil Engineers Waste and Resource Management,Q3,2024,40,4,10.1680/jwarm.22.00006,2-s2.0-85167662307,co_author,"SDG 9 Industry, Innovation and Infrastructure; SDG 12 Responsible Consumption and Production"
Material Science Engineering,Material Science and Engineering,Assoc. Prof. Dr. Suthee Wattanasiriwech,2022,Thermal and mechanical characterization of fly ash geopolymer with aluminium chloride and potassium hydroxide treated hemp shiv lightweight aggregate,Construction and Building Materials,Q1,2024,96,24,10.1016/j.conbuildmat.2022.127206,2-s2.0-85127201822,co_author,"SDG 9 Industry, Innovation and Infrastructure"
Chemistry,Chemistry,Asst. Prof. Dr. Acharavadee Pansanit,2024,Development of natural rubber latex patch infused with Piper nigrum L. extract,Journal of Research in Pharmacy,Q3,2024,29,0,10.29228/jrp.742,2-s2.0-85196498185,co_author,
Chemistry,Chemistry,Asst. Prof. Dr. Acharavadee Pansanit,2024,Sunn Hemp (Crotalaria juncea) Seed Oil: A Potential Antioxidant for Emulgel Applications,Science Essence Journal,Q4,2025,5,0,2-s2.0-105005601739,2-s2.0-105005601739,co_author,
CIX,Computational Science,Asst. Prof. Dr. Anant Eungwanichayapant,2026,"First Report on the Asexual Morphology of Nigrograna jinghongensis (Nigrogranaceae, Pleosporales) with a New Host Record from China",New Zealand Journal of Botany,Q2,2024,57,0,10.1002/nzb2.70004,2-s2.0-105035202675,co_author,
CIX,Computational Science,Asst. Prof. Dr. Anant Eungwanichayapant,2026,"Funiliomycetaceae fam. nov. (Amphisphaeriales, Ascomycota) accommodating Funiliomyces, including F. jiangxiensis sp. nov. from Tetradium ruticarpum and ten new combinations",IMA Fungus,Q1,2024,96,0,10.3897/imafungus.17.179140,2-s2.0-105029829301,co_author,SDG 15 Life on Land
CIX,Computational Science,Asst. Prof. Dr. Anant Eungwanichayapant,2026,"Three New Species of Nagrajchalara in Yunnan Province, China",New Zealand Journal of Botany,Q2,2024,57,0,10.1002/nzb2.70061,2-s2.0-105035114100,co_author,SDG 15 Life on Land
CIX,Computational Science,Asst. Prof. Dr. Anant Eungwanichayapant,2025,"A novel non-haired Hyaloscyphaceae species, Isthmosporiella glabra sp. nov., in Yunnan Province, China",Asian Journal of Mycology,Q3,2024,48,0,2-s2.0-105028331684,2-s2.0-105028331684,co_author,SDG 15 Life on Land
CIX,Computational Science,Asst. Prof. Dr. Anant Eungwanichayapant,2025,"Integrative taxonomy reveals Pseudokeissleriella tetradii sp. nov. (Lentitheciaceae, Pleosporales) associated with Tetradium ruticarpum in Anhui Province, China",Phytotaxa,Q3,2024,41,0,10.11646/phytotaxa.710.2.2,2-s2.0-105010874258,co_author,SDG 15 Life on Land
CIX,Computational Science,Asst. Prof. Dr. Anant Eungwanichayapant,2025,"Morphological and phylogenetic characterization of a new Cyphellophora (Chaetothyriales, Cyphellophoraceae) species associated with Tetradium ruticarpum from Guangxi Province, China",Phytotaxa,Q3,2024,41,2,10.11646/phytotaxa.704.3.3,2-s2.0-105007988831,co_author,SDG 15 Life on Land
CIX,Computational Science,Asst. Prof. Dr. Anant Eungwanichayapant,2025,One stop shop V: taxonomic update with molecular phylogeny for important phytopathogenic genera: 101–125 (2024),Fungal Diversity,Q1,2024,99,14,10.1007/s13225-024-00542-x,2-s2.0-85218092917,co_author,SDG 15 Life on Land
CIX,Computational Science,Asst. Prof. Dr. Anant Eungwanichayapant,2025,"The polyphasic approach reveals two new species and two new records of Nigrospora (Apiosporaceae, Amphisphaeriales) associated with Aquilaria sinensis from China",Mycokeys,Q1,2024,84,1,10.3897/mycokeys.121.154055,2-s2.0-105014452786,co_author,SDG 15 Life on Land
CIX,Computational Science,Asst. Prof. Dr. Anant Eungwanichayapant,2025,"Two new species of Puccinia (Pucciniaceae, Pucciniales) from herbaceous plants in Yunnan Province, China",Phytotaxa,Q3,2024,41,1,10.11646/phytotaxa.694.1.2,2-s2.0-105000371200,co_author,SDG 15 Life on Land
CIX,Computational Science,Asst. Prof. Dr. Anant Eungwanichayapant,2025,"Updating the diversity: three novel species of Triblidium (Triblidiaceae, Rhytismatales) in west Yunnan, China",Mycokeys,Q1,2024,84,3,10.3897/mycokeys.121.165642,2-s2.0-105018712406,co_author,SDG 15 Life on Land
CIX,Computational Science,Asst. Prof. Dr. Anant Eungwanichayapant,2024,"Additional four species of Tatraea (Leotiomycetes, Helotiales) in Yunnan Province, China",Mycokeys,Q1,2024,84,8,10.3897/mycokeys.102.112565,2-s2.0-85191549336,co_author,SDG 15 Life on Land
CIX,Computational Science,Asst. Prof. Dr. Anant Eungwanichayapant,2024,"Longistipes gen. nov. and four novel species of Hyphodiscaceae, along with six new collections of Leotiomycetes in Yunnan Province, China",Mycosphere,Q1,2024,98,11,10.5943/MYCOSPHERE/15/1/20,2-s2.0-85209129329,co_author,SDG 15 Life on Land
CIX,Computational Science,Asst. Prof. Dr. Anant Eungwanichayapant,2024,"Phlyctema yunnanensis (Dermateaceae, Helotiales), a novel species from herbaceous plants in grassland ecosystems of Yunnan, China",Studies in Fungi,Q2,2024,62,4,10.48130/sif-0024-0020,2-s2.0-85215395481,co_author,SDG 15 Life on Land
CIX,Computational Science,Asst. Prof. Dr. Anant Eungwanichayapant,2024,"Two new Stictidaceae species from grasslands in Yunnan province, China",New Zealand Journal of Botany,Q2,2024,57,7,10.1080/0028825X.2024.2314562,2-s2.0-85184447257,co_author,SDG 15 Life on Land
CIX,Computational Science,Asst. Prof. Dr. Anant Eungwanichayapant,2024,"Two new species of Parastagonospora and a new species of Phaeoseptoriella (Phaeosphaeriaceae, Pleosporales) from grasslands in Yunnan Province, China",Mycokeys,Q1,2024,84,4,10.3897/mycokeys.109.134136,2-s2.0-85207129938,co_author,SDG 15 Life on Land
CIX,Computational Science,Asst. Prof. Dr. Anant Eungwanichayapant,2023,Morphology and multigene phylogeny reveal ten novel taxa in Ascomycota from terrestrial palm substrates (Arecaceae) in Thailand,Mycosphere,Q1,2024,98,72,10.5943/mycosphere/14/1/2,2-s2.0-85150434175,co_author,SDG 15 Life on Land
CIX,Computational Science,Asst. Prof. Dr. Anant Eungwanichayapant,2022,System Design of a Toxic waste management system Empirical study for Chiang Rai province,6th International Conference on Information Technology Incit 2022,NA,,,3,10.1109/InCIT56086.2022.10067636,2-s2.0-85151764412,co_author,SDG 12 Responsible Consumption and Production
CIX,Computational Science,Asst. Prof. Dr. Anant Eungwanichayapant,2022,The spectral energy distribution of an X-ray pair halo from a gamma-ray source with a power-law continuum,Journal of Physics Conference Series,Q3,2024,27,0,10.1088/1742-6596/2145/1/012013,2-s2.0-85123676467,first_author,SDG 7 Affordable and Clean Energy
Chemistry,Chemistry,Asst. Prof. Dr. Chuleeporn Thanomsilp,2024,Enhancing wound dressing performance with hydrogel-embedded longan seed extract-loaded alginate/chitosan beads,Polymer,Q1,2024,82,5,10.1016/j.polymer.2024.127002,2-s2.0-85189703065,co_author,"SDG 9 Industry, Innovation and Infrastructure"
Chemistry,Chemistry,Asst. Prof. Dr. Chuleeporn Thanomsilp,2024,Preparation and characterization of polyvinyl alcohol (PVA)-glycerol composite films incorporating nanosilica from municipal solid waste incinerator bottom ash,Heliyon,Q1,2024,80,21,10.1016/j.heliyon.2024.e25963,2-s2.0-85187269681,co_author,"SDG 9 Industry, Innovation and Infrastructure; SDG 11 Sustainable Cities and Communities; SDG 12 Responsible Consumption and Production"
Chemistry,Chemistry,Asst. Prof. Dr. Chuleeporn Thanomsilp,2023,Adsorption of Tetracycline by Magnetic Mesoporous Silica Derived from Bottom Ash—Biomass Power Plant,Sustainability Switzerland,Q1,2024,90,7,10.3390/su15064727,2-s2.0-85181777972,co_author,SDG 12 Responsible Consumption and Production
Chemistry,Chemistry,Asst. Prof. Dr. Chuleeporn Thanomsilp,2022,Potential of Longan Seed Extract–Loaded Alginate–Chitosan Beads as Drug Delivery System,Frontiers in Materials,Q2,2024,70,9,10.3389/fmats.2022.818595,2-s2.0-85124706437,co_author,SDG 3 Good Health and Well-being
Chemistry,Chemistry,Asst. Prof. Dr. Chuleeporn Thanomsilp,2022,The potential use of colorimetric pH sensor from Clitoria ternatea flower for indicating bacterial infection in wound dressing application,Microchemical Journal,Q1,2024,80,21,10.1016/j.microc.2022.107277,2-s2.0-85124466383,co_author,"SDG 9 Industry, Innovation and Infrastructure"
Biology,Bioscience,Asst. Prof. Dr. Ekachai Chukeatirote,2026,Antibacterial activity of volatile compounds and crude extracts from Pestalotiopsis species with GC-MS chemical profiling,Czech Mycology,Q3,2024,37,0,10.33585/cmy.78101,2-s2.0-105033651346,co_author,SDG 3 Good Health and Well-being; SDG 15 Life on Land
Biology,Bioscience,Asst. Prof. Dr. Ekachai Chukeatirote,2026,Antibacterial potential of rice-associated Acremonium sp. USSc24: Bioautography-guided fractionation and GC–MS profiling against drug-resistant Staphylococcus aureus,Pharmaceutical Sciences Asia,Q3,2024,27,0,10.29090/psa.2026.02.26.9302,2-s2.0-105039227745,co_author,SDG 2 Zero Hunger; SDG 3 Good Health and Well-being
Biology,Bioscience,Asst. Prof. Dr. Ekachai Chukeatirote,2026,Characterization and antimicrobial screening of secondary metabolite fractions from saprobic fungi,Studies in Fungi,Q2,2024,62,0,10.48130/sif-0026-0002,2-s2.0-105032230709,first_author,SDG 3 Good Health and Well-being; SDG 15 Life on Land
Biology,Bioscience,Asst. Prof. Dr. Ekachai Chukeatirote,2026,"Deep sequencing reveals genetic identity of pepper yellow leaf curl Thailand virus from pepper and whiteflies from Chiang Mai, Thailand",Agriculture and Natural Resources,Q3,2024,44,0,10.34044/j.anres.2026.60.1.05,2-s2.0-105039308973,co_author,SDG 2 Zero Hunger
Biology,Bioscience,Asst. Prof. Dr. Ekachai Chukeatirote,2026,Preliminary screening of poly-γ-glutamic acid-associated genes in Bacillus strains isolated from Thai fermented soybean,Acta Alimentaria,Q3,2024,35,0,10.1556/066.2026.00034,2-s2.0-105031730658,co_author,
Biology,Bioscience,Asst. Prof. Dr. Ekachai Chukeatirote,2025,"A novel species and a new host record of Trichoderma from caves in Yunnan Province, China",Phytotaxa,Q3,2024,41,2,10.11646/phytotaxa.694.2.2,2-s2.0-105000338155,co_author,SDG 15 Life on Land
Biology,Bioscience,Asst. Prof. Dr. Ekachai Chukeatirote,2025,Antagonistic potential of Bacillus amyloliquefaciens and B. velezensis as biocontrol agents against Lasiodiplodia theobromae,New Zealand Journal of Botany,Q2,2024,57,2,10.1080/0028825X.2023.2274400,2-s2.0-85175371853,first_author,
Biology,Bioscience,Asst. Prof. Dr. Ekachai Chukeatirote,2025,"Candolleomyces yunnanensis (Psathyrellaceae, Agaricales), a novel species from Yunnan Province, China",Phytotaxa,Q3,2024,41,3,10.11646/phytotaxa.711.3.3,2-s2.0-105011491956,co_author,SDG 15 Life on Land
Biology,Bioscience,Asst. Prof. Dr. Ekachai Chukeatirote,2025,"Hidden in the daylight: A polyphasic approach reveals two bioluminescent Mycenaceae species from Yunnan Province, China (Basidiomycota, Agaricales)",Biodiversity Data Journal,Q2,2024,51,3,10.3897/BDJ.13.e168858,2-s2.0-105024952864,co_author,SDG 15 Life on Land
Biology,Bioscience,Asst. Prof. Dr. Ekachai Chukeatirote,2025,"Morphology and multi-locus phylogeny reveal Cordana puerensis sp. nov., a coffee-associated saprobic fungus from Pu'er, Yunnan, China",Phytotaxa,Q3,2024,41,1,10.11646/phytotaxa.725.2.2,2-s2.0-105019671069,co_author,SDG 2 Zero Hunger; SDG 15 Life on Land
Biology,Bioscience,Asst. Prof. Dr. Ekachai Chukeatirote,2025,"Morphology and multi-locus phylogeny reveal a new coffee-associated saprobic Rhamphoriopsis (Rhamphoriaceae, Rhamphoriales) species in Yunnan Province, China",Phytotaxa,Q3,2024,41,1,10.11646/phytotaxa.725.1.4,2-s2.0-105019603147,co_author,SDG 2 Zero Hunger; SDG 15 Life on Land
Biology,Bioscience,Asst. Prof. Dr. Ekachai Chukeatirote,2025,"Pseudodictyosporium yunnanensis sp. nov. (Dictyosporiaceae, Pleosporales) from dead twigs of Coffea arabica in China",Phytotaxa,Q3,2024,41,3,10.11646/phytotaxa.711.1.2,2-s2.0-105011759906,co_author,
Biology,Bioscience,Asst. Prof. Dr. Ekachai Chukeatirote,2025,Research progress and potential application of Thua Nao,Discover Food,Q2,2024,54,4,10.1007/s44187-025-00372-z,2-s2.0-105001473608,first_author,SDG 2 Zero Hunger
Biology,Bioscience,Asst. Prof. Dr. Ekachai Chukeatirote,2025,Species evolution: cryptic species and phenotypic noise with a particular focus on fungal systematics,Frontiers in Cellular and Infection Microbiology,Q1,2024,88,10,10.3389/fcimb.2025.1497085,2-s2.0-85218209668,co_author,SDG 15 Life on Land
Biology,Bioscience,Asst. Prof. Dr. Ekachai Chukeatirote,2025,"Three new species of Camporesiomyces (Tubeufiaceae, Tubeufiales, Dothideomycetes) associated with coffee in Yunnan, China",Mycokeys,Q1,2024,84,7,10.3897/mycokeys.117.154573,2-s2.0-105005962874,co_author,SDG 2 Zero Hunger; SDG 15 Life on Land
Biology,Bioscience,Asst. Prof. Dr. Ekachai Chukeatirote,2025,"Three new species of Fuscoporia (Hymenochaetales, Basidiomycota) from southern India revealed by morphological and multigene phylogenetic analyses",Mycokeys,Q1,2024,84,0,10.3897/mycokeys.125.168173,2-s2.0-105025795439,co_author,SDG 15 Life on Land
Biology,Bioscience,Asst. Prof. Dr. Ekachai Chukeatirote,2025,"Volvopluteus yunnanensis (Pluteaceae, Agaricales), a novel species from Yunnan Province, China",Phytotaxa,Q3,2024,41,3,10.11646/phytotaxa.706.3.5,2-s2.0-105009347354,co_author,SDG 15 Life on Land
Biology,Bioscience,Asst. Prof. Dr. Ekachai Chukeatirote,2024,Antibacterial and antioxidant activity of the ethyl acetate extract of two strains of Thai Laetiporus sulphureus mushroom,Food Research,Q3,2024,33,3,10.26656/fr.2017.8(5).175,2-s2.0-85209642579,co_author,SDG 2 Zero Hunger; SDG 3 Good Health and Well-being
Biology,Bioscience,Asst. Prof. Dr. Ekachai Chukeatirote,2024,"Melomastia (Dothideomycetes, Ascomycota) species associated with Chinese Aquilaria spp",Mycokeys,Q1,2024,84,4,10.3897/mycokeys.111.137898,2-s2.0-85211440799,co_author,SDG 15 Life on Land
Biology,Bioscience,Asst. Prof. Dr. Ekachai Chukeatirote,2024,Molecular Characterization of Wild Tea Plants (Camellia spp.) in Thailand Using DNA Barcoding Markers,Asian Journal of Plant Sciences,Q3,2024,33,0,10.3923/ajps.2024.345.366,2-s2.0-85202583360,co_author,SDG 2 Zero Hunger
Biology,Bioscience,Asst. Prof. Dr. Ekachai Chukeatirote,2024,"Morphology, phylogeny, and polyurethane degrading ability of Lasiodiplodia iraniensis and Mortierella alpina",New Zealand Journal of Botany,Q2,2024,57,10,10.1080/0028825X.2023.2298926,2-s2.0-85184252580,co_author,SDG 15 Life on Land
Biology,Bioscience,Asst. Prof. Dr. Ekachai Chukeatirote,2024,RECSALMO: Rapid typing and characterization tool for whole genome sequencing data of Salmonella,Science Engineering and Health Studies,Q3,2024,31,0,10.69598/sehs.18.24030004,2-s2.0-85213234192,co_author,"SDG 3 Good Health and Well-being; SDG 9 Industry, Innovation and Infrastructure"
Biology,Bioscience,Asst. Prof. Dr. Ekachai Chukeatirote,2024,The fungal strain promotes rapid agarwood resin production with medicinally accepted agarotetrol level,Food Bioscience,Q1,2024,77,7,10.1016/j.fbio.2024.105535,2-s2.0-85209999212,co_author,SDG 2 Zero Hunger; SDG 15 Life on Land
Biology,Bioscience,Asst. Prof. Dr. Ekachai Chukeatirote,2023,"Characterization of Bacillus subtilis bacteriophage BasuTN3 isolated from Thua Nao, a thai fermented soybean food product",Food Science and Biotechnology,Q2,2024,68,4,10.1007/s10068-022-01188-8,2-s2.0-85140326636,co_author,SDG 2 Zero Hunger
Biology,Bioscience,Asst. Prof. Dr. Ekachai Chukeatirote,2023,Rhamphoriopsis hyalospora sp. nov. associated with decaying wood from China,Phytotaxa,Q3,2024,41,5,10.11646/phytotaxa.598.3.6,2-s2.0-85164622810,co_author,
Biology,Bioscience,Asst. Prof. Dr. Ekachai Chukeatirote,2023,Screening of rice blast resistance in Thai upland rice using pathogenicity assays and molecular markers,Journal of Crop Improvement,Q2,2024,68,4,10.1080/15427528.2022.2159600,2-s2.0-85145164399,co_author,SDG 2 Zero Hunger
Biology,Bioscience,Asst. Prof. Dr. Ekachai Chukeatirote,2022,FSALE: Fast Decision-Aiding Tool in the Investigation of Salmonella Enterica Genome Assemblies,2022 International Conference on Decision Aid Sciences and Applications Dasa 2022,NA,,,0,10.1109/DASA54658.2022.9765247,2-s2.0-85130106883,first_author,
Biology,Bioscience,Asst. Prof. Dr. Ekachai Chukeatirote,2022,Genetic diversity and population structure of blast resistance genes in Thai upland rice germplasm,European Journal of Plant Pathology,Q1,2024,80,6,10.1007/s10658-022-02499-6,2-s2.0-85126740347,co_author,SDG 2 Zero Hunger
Chemistry,Chemistry,Asst. Prof. Dr. Kanchana Watla-iad,2025,Molecular Identification of Some Selected Cyanobacteria and Their Antioxidant Activities,Trends in Sciences,Q2,2024,59,1,10.48048/tis.2025.8950,2-s2.0-85215379073,co_author,
Chemistry,Chemistry,Asst. Prof. Dr. Kanchana Watla-iad,2023,Green extraction ofãrabica coffee cherry husk usingã deep eutectic solvent,Scienceasia,Q2,2024,53,2,10.2306/scienceasia1513-1874.2023.s010,2-s2.0-85182370121,first_author,SDG 2 Zero Hunger; SDG 12 Responsible Consumption and Production
Chemistry,Chemistry,Asst. Prof. Dr. Kanchana Watla-iad,2022,Antioxidant activity and antidiabetic activities of Northern Thai indigenous edible plant extracts and their phytochemical constituents,Heliyon,Q1,2024,80,39,10.1016/j.heliyon.2022.e10740,2-s2.0-85138584482,co_author,SDG 2 Zero Hunger
Chemistry,Chemistry,Asst. Prof. Dr. Kanchana Watla-iad,2022,"Corrigendum to “Antioxidant activity and antidiabetic activities of Northern Thai indigenous edible plant extracts and their phytochemical constituents” [Heliyon 8 (9), (September 2022) Article e10740] (Heliyon (2022) 8(9), (S240584402202028X), (10.1016/j.heliyon.2022.e10740))",Heliyon,Q1,2024,80,0,10.1016/j.heliyon.2022.e11986,2-s2.0-85144646605,co_author,SDG 2 Zero Hunger
Chemistry,Chemistry,Asst. Prof. Dr. Kanchana Watla-iad,2022,Creating a Globally Enhanced Chemistry Course through an Intercultural Collaborative Assignment,Journal of Chemical Education,Q1,2024,79,6,10.1021/acs.jchemed.1c00696,2-s2.0-85124169460,first_author,SDG 4 Quality Education
Biology,Bioscience,Asst. Prof. Dr. Khanobporn Tangtrakulwanich,2025,Characterization of Fungal Pathogens Causing Blueberry Fruit Rot Disease in China,Pathogens,Q1,2024,78,8,10.3390/pathogens14020201,2-s2.0-85218911165,co_author,SDG 3 Good Health and Well-being; SDG 15 Life on Land
Biology,Bioscience,Asst. Prof. Dr. Khanobporn Tangtrakulwanich,2025,Three New Records of Pathogens Causing Stem Blight on Vaccinium corymbosum in China,Plants,Q1,2024,91,1,10.3390/plants14050647,2-s2.0-86000549509,co_author,
Biology,Bioscience,Asst. Prof. Dr. Khanobporn Tangtrakulwanich,2025,"Unveiling four new taxa and Nigrosynnema natarajanensis comb. nov. in Stachybotryaceae (Hypocreales) from monocotyledon plants in Guangdong Province, China",Mycokeys,Q1,2024,84,1,10.3897/mycokeys.114.139325,2-s2.0-86000162525,co_author,
Biology,Bioscience,Asst. Prof. Dr. Khanobporn Tangtrakulwanich,2024,"Tetraploa wurfbainiae sp. nov. (Tetraplosphaeriaceae, Pleosporales) isolated from Wurfbainia villosa in Guangdong, China",New Zealand Journal of Botany,Q2,2024,57,5,10.1080/0028825X.2024.2311964,2-s2.0-85184698674,co_author,
Biology,Bioscience,Asst. Prof. Dr. Khanobporn Tangtrakulwanich,2024,"Two new species and one new combination of Ophiocordyceps (Hypocreales, Ophiocordycipitaceae) in Guizhou",Mycokeys,Q1,2024,84,16,10.3897/mycokeys.102.113351,2-s2.0-85191577927,co_author,SDG 15 Life on Land
Biology,Bioscience,Asst. Prof. Dr. Khanobporn Tangtrakulwanich,2023,"Cordyceps poluscapitis sp. nov., an ant-pathogenic fungus from Guizhou, China",Phytotaxa,Q3,2024,41,6,10.11646/phytotaxa.599.4.3,2-s2.0-85162875530,co_author,
Biology,Bioscience,Asst. Prof. Dr. Khanobporn Tangtrakulwanich,2023,Identification of Major Brown Planthopper Resistance Genes in Indigenous Thai Upland Rice Germplasm Using Molecular Markers,Agronomy,Q1,2024,84,6,10.3390/agronomy13102605,2-s2.0-85175460590,co_author,SDG 2 Zero Hunger
Biology,Bioscience,Asst. Prof. Dr. Khanobporn Tangtrakulwanich,2023,Taxonomic and Phylogenetic Updates on Apiospora: Introducing Four New Species from Wurfbainia villosa and Grasses in China,Journal of Fungi,Q1,2024,92,22,10.3390/jof9111087,2-s2.0-85178126368,co_author,SDG 15 Life on Land
Biology,Bioscience,Asst. Prof. Dr. Kitiphong Khongphinitbunjong,2026,"Identification of Aquapteridospora guangxiensis sp. nov., a Novel Lignicolous Freshwater Fungus from Guangxi Province, China",New Zealand Journal of Botany,Q2,2024,57,1,10.1002/nzb2.70010,2-s2.0-105035335150,co_author,SDG 6 Clean Water and Sanitation
Biology,Bioscience,Asst. Prof. Dr. Kitiphong Khongphinitbunjong,2026,"Morpho-cultural and molecular phylogenetic analyses reveal Neoarthrinium kaempferiae sp. nov. (Neoarthriniaceae), an endophytic fungus from Kaempferia galanga in Guangdong, China",Phytotaxa,Q3,2024,41,0,10.11646/phytotaxa.744.3.2,2-s2.0-105032139181,co_author,
Biology,Bioscience,Asst. Prof. Dr. Kitiphong Khongphinitbunjong,2026,Poly(styrene-alt-maleic acid)-assisted Membrane Solubilization for Improved Immobilization and Catalytic Performance of Soybean Lipolytic Enzymes in Electrospun Poly(vinyl alcohol) Fibers,ACS Omega,Q1,2024,77,0,10.1021/acsomega.5c09274,2-s2.0-105030195224,co_author,"SDG 9 Industry, Innovation and Infrastructure"
Biology,Bioscience,Asst. Prof. Dr. Kitiphong Khongphinitbunjong,2025,"A Comprehensive Characterisation of Mycelium-Based Biomaterials Developed from Panus ciliatus and P. subfasciatus (Panaceae, Polyporales)",Journal of Fungi,Q1,2024,92,0,10.3390/jof11120826,2-s2.0-105027237549,co_author,SDG 15 Life on Land
Biology,Bioscience,Asst. Prof. Dr. Kitiphong Khongphinitbunjong,2025,A global checklist of mushrooms (Basidiomycota) in biomaterials and the challenges and opportunities of mycelium-based biomaterials,Asian Journal of Mycology,Q3,2024,48,1,2-s2.0-105028782784,2-s2.0-105028782784,co_author,SDG 15 Life on Land
Biology,Bioscience,Asst. Prof. Dr. Kitiphong Khongphinitbunjong,2025,Comparative study on the ﬂexural properties and hardness of a PMMA-based dental composite,Scienceasia,Q2,2024,53,0,10.2306/scienceasia1513-1874.2025.082,2-s2.0-105021850885,co_author,"SDG 9 Industry, Innovation and Infrastructure"
Biology,Bioscience,Asst. Prof. Dr. Kitiphong Khongphinitbunjong,2025,"Echinochaete thailandica sp. nov. (Polyporaceae, Basidiomycota) from northern Thailand",Phytotaxa,Q3,2024,41,0,10.11646/phytotaxa.718.1.1,2-s2.0-105016731086,co_author,SDG 15 Life on Land
Biology,Bioscience,Asst. Prof. Dr. Kitiphong Khongphinitbunjong,2025,Mango Microcosm: Unveiling the species diversity and pathogenic potential of fungi isolated from mango (Mangifera indica) in northern Thailand,Fungal Biology,Q1,2024,84,8,10.1016/j.funbio.2025.101552,2-s2.0-85218978584,co_author,SDG 15 Life on Land
Biology,Bioscience,Asst. Prof. Dr. Kitiphong Khongphinitbunjong,2025,"Morpho-phylogenetic evidence reveals novel species and new records of Torula (Torulaceae, Pleosporales) from medicinal plants in China",Mycokeys,Q1,2024,84,0,10.3897/mycokeys.122.161816,2-s2.0-105015569996,co_author,SDG 15 Life on Land
Biology,Bioscience,Asst. Prof. Dr. Kitiphong Khongphinitbunjong,2025,Particle Size Distribution Model for Optimizing Coffee Grind Consistency,Journal of Food Process Engineering,Q2,2024,72,0,10.1111/jfpe.70129,2-s2.0-105004643772,first_author,"SDG 2 Zero Hunger; SDG 9 Industry, Innovation and Infrastructure"
Biology,Bioscience,Asst. Prof. Dr. Kitiphong Khongphinitbunjong,2025,"Phlebiopsis friesii (Phanerochaetaceae, Polyporales), a New Record in Thailand and the First Preliminary Characterization of Its Potential in Mycelium Mats",Mycobiology,Q2,2024,56,1,10.1080/12298093.2025.2518801,2-s2.0-105009350759,co_author,
Biology,Bioscience,Asst. Prof. Dr. Kitiphong Khongphinitbunjong,2025,"Three new species of Dicephalospora (Leotiomycetes, Helotiales) from Northern Thailand and Southwestern China",Mycokeys,Q1,2024,84,5,10.3897/mycokeys.115.143994,2-s2.0-86000540154,co_author,SDG 15 Life on Land
Biology,Bioscience,Asst. Prof. Dr. Kitiphong Khongphinitbunjong,2025,"Two new and one new morph record of Calycina (Pezizellaceae, Helotiales) species from Southwestern China",Mycokeys,Q1,2024,84,4,10.3897/mycokeys.122.158883,2-s2.0-105015392350,co_author,SDG 15 Life on Land
Biology,Bioscience,Asst. Prof. Dr. Kitiphong Khongphinitbunjong,2024,A single-step extraction and immobilization of soybean lipolytic enzymes by using a purpose-designed copolymer of styrene and maleic acid as a membrane lysis agent,Heliyon,Q1,2024,80,2,10.1016/j.heliyon.2024.e31313,2-s2.0-85193599989,co_author,"SDG 9 Industry, Innovation and Infrastructure"
Biology,Bioscience,Asst. Prof. Dr. Kitiphong Khongphinitbunjong,2024,Achieving Nearly Zero-Energy Buildings through Renewable Energy Production-Storage Optimization,Energies,Q1,2024,90,9,10.3390/en17194845,2-s2.0-85206497096,co_author,SDG 7 Affordable and Clean Energy
Biology,Bioscience,Asst. Prof. Dr. Kitiphong Khongphinitbunjong,2024,"Additions to Dictyosporiaceae: Neoxylochrysis typhicola comb. et gen. nov., Two New Species and Four New Host Records from Medicinal Plants in Southwestern China",Journal of Fungi,Q1,2024,92,4,10.3390/jof10120872,2-s2.0-85213256269,co_author,SDG 15 Life on Land
Biology,Bioscience,Asst. Prof. Dr. Kitiphong Khongphinitbunjong,2024,Effects of temperature on the biological activities of bee venom from three honeybee species in Thailand,Scienceasia,Q2,2024,53,1,10.2306/scienceasia1513-1874.2024.s009,2-s2.0-105003069127,co_author,SDG 15 Life on Land
Biology,Bioscience,Asst. Prof. Dr. Kitiphong Khongphinitbunjong,2024,Honeybee Venom: A Potential Source of Anticancer Components,Protein and Peptide Letters,Q4,2024,22,1,10.2174/0109298665339355241008104141,2-s2.0-85214856099,co_author,
Biology,Bioscience,Asst. Prof. Dr. Kitiphong Khongphinitbunjong,2024,New species and new records of plant pathogenic fungi from northern Thailand,Asian Journal of Mycology,Q3,2024,48,1,10.5943/ajom/7/2/10,2-s2.0-85213368816,co_author,SDG 15 Life on Land
Biology,Bioscience,Asst. Prof. Dr. Kitiphong Khongphinitbunjong,2023,Tropilaelaps mercedesae Infestation Is Correlated with Injury Numbers on the Brood and the Population Size of Honey Bee Apis mellifera,Animals,Q1,2024,95,6,10.3390/ani13081318,2-s2.0-85153753058,co_author,
Biology,Bioscience,Asst. Prof. Dr. Kitiphong Khongphinitbunjong,2022,Distinct gut microbiota profiles of Asian honey bee (Apis cerana) foragers,Archives of Microbiology,Q2,2024,59,10,10.1007/s00203-022-02800-5,2-s2.0-85125020377,co_author,SDG 3 Good Health and Well-being
Biology,Bioscience,Asst. Prof. Dr. Nanthanit Jaruseranee,2025,Potential of siRNA nanoparticles-loaded chitosan/silk sericin thermosensitive hydrogels as injectable therapeutics for breast cancer,Polymer,Q1,2024,82,2,10.1016/j.polymer.2025.129019,2-s2.0-105015138671,co_author,"SDG 3 Good Health and Well-being; SDG 9 Industry, Innovation and Infrastructure"
Biology,Bioscience,Asst. Prof. Dr. Nanthanit Jaruseranee,2024,"Isolation of Biofilm Removing Bacteriophages from the Hot Spring of Mae Chan Fault, Chiang Rai, Northern Thailand",Chiang Mai Journal of Science,Q3,2024,49,2,10.12982/CMJS.2024.009,2-s2.0-85183919775,co_author,SDG 3 Good Health and Well-being
Biology,Bioscience,Asst. Prof. Dr. Nanthanit Jaruseranee,2024,"Variable Gut Microbiota Profiles of Coffee Berry Borer (Hypothenemus hampei Ferrari, 1867) across Organic Coffee Plantation Habitats in Chiang RaNorthern Thailand",Agriculturae Conspectus Scientificus,Q3,2024,46,0,2-s2.0-85188669693,2-s2.0-85188669693,first_author,SDG 2 Zero Hunger; SDG 3 Good Health and Well-being
Biology,Bioscience,Asst. Prof. Dr. Nanthanit Jaruseranee,2023,Isolation and Anti-biofilm Activity of Lytic Phages against Pseudomonas aeruginosa TISTR1287,Burapha Science Journal,NA,,,1,2-s2.0-105037846642,2-s2.0-105037846642,first_author,SDG 3 Good Health and Well-being
Biology,Bioscience,Asst. Prof. Dr. Natsaran Saichana,2026,A Comprehensive Checklist and Ecological Assessment of Eurotiomycetes in Thailand: Substrate and Habitat Associations with The Discovery of a New Insect-associated Species and a New Record,Chiang Mai Journal of Science,Q3,2024,49,0,10.12982/CMJS.2026.016,2-s2.0-105036034354,co_author,SDG 15 Life on Land
Biology,Bioscience,Asst. Prof. Dr. Natsaran Saichana,2026,Development of Quantitative PCR Method for Quantifying Streptococcus thermophilus Growth During Batch Culture,Current Applied Science and Technology,Q3,2024,43,0,10.55003/cast.2025.265684,2-s2.0-105032803576,co_author,
Biology,Bioscience,Asst. Prof. Dr. Natsaran Saichana,2026,New insights into Clonostachys: description of a novel species and expanded host range,Phytotaxa,Q3,2024,41,0,10.11646/phytotaxa.741.1.7,2-s2.0-105031049201,co_author,SDG 15 Life on Land
Biology,Bioscience,Asst. Prof. Dr. Natsaran Saichana,2026,"Reappraisal of the phylogenetic relationships of hirsutella-like fungi across Ophiocordycipitaceae and Polycephalomycetaceae (Hypocreales, Sordariomycetes), and the description of seven new species",IMA Fungus,Q1,2024,96,1,10.3897/imafungus.17.171084,2-s2.0-105030835247,co_author,SDG 15 Life on Land
Biology,Bioscience,Asst. Prof. Dr. Natsaran Saichana,2026,"Roussoella yangjiangensis sp. nov. (Roussoellaceae, Pleosporales), A Holomorphic Fungus in Guangdong Province, China",Chiang Mai Journal of Science,Q3,2024,49,1,10.12982/CMJS.2026.003,2-s2.0-105028290050,co_author,
Biology,Bioscience,Asst. Prof. Dr. Natsaran Saichana,2026,Talaromyces doitungensis sp. nov. and new records from Doi Tung National Forest in Thailand,Phytotaxa,Q3,2024,41,1,10.11646/phytotaxa.747.1.2,2-s2.0-105032884027,co_author,SDG 15 Life on Land
Biology,Bioscience,Asst. Prof. Dr. Natsaran Saichana,2026,"Vamsapriya pseudosasae sp. nov. (Vamsapriyaceae, Xylariales): A Synnematous Bambusicolous Hyphomycete from Guangdong Province, China",New Zealand Journal of Botany,Q2,2024,57,0,10.1002/nzb2.70029,2-s2.0-105035357534,co_author,
Biology,Bioscience,Asst. Prof. Dr. Natsaran Saichana,2025,Bioactivities of Protein Hydrolysates Prepared froSchizophyllum commune,Chiang Mai Journal of Science,Q3,2024,49,0,10.12982/CMJS.2025.095,2-s2.0-105026569351,co_author,
Biology,Bioscience,Asst. Prof. Dr. Natsaran Saichana,2025,"Lijiangomyces laojunensis gen. et sp. nov. (Mytilinidiaceae), and Sclerococcum stictae (Dactylosporaceae), a new lichenicolous species from Yunnan, China",Mycokeys,Q1,2024,84,3,10.3897/mycokeys.114.146031,2-s2.0-86000183265,co_author,SDG 15 Life on Land
Biology,Bioscience,Asst. Prof. Dr. Natsaran Saichana,2025,"Xylolentia bambusae (Rhamphoriaceae, Rhamphoriales), a novel species associated with dead bamboo in Guangdong Province, China",Phytotaxa,Q3,2024,41,2,10.11646/phytotaxa.681.2.6,2-s2.0-85214830900,co_author,SDG 15 Life on Land
Biology,Bioscience,Asst. Prof. Dr. Natsaran Saichana,2024,"Morphological and phylogenetic appraisal of a new Kirschsteiniothelia (Dothideomycetes, Kirschsteiniotheliales) species from Yunnan Province, China",Phytotaxa,Q3,2024,41,4,10.11646/phytotaxa.661.3.4,2-s2.0-85200571556,co_author,SDG 15 Life on Land
Biology,Bioscience,Asst. Prof. Dr. Natsaran Saichana,2024,Sclerococcum glaucomarioides: a new geographical record from China,Phytotaxa,Q3,2024,41,1,10.11646/phytotaxa.642.1.8,2-s2.0-85189247158,co_author,
Biology,Bioscience,Asst. Prof. Dr. Natsaran Saichana,2023,"Potential use of propolis-loaded quaternized chitosan/pectin hydrogel films as wound dressings: Preparation, characterization, antibacterial evaluation, and in vitro healing assay",International Journal of Biological Macromolecules,Q1,2024,92,66,10.1016/j.ijbiomac.2023.124633,2-s2.0-85154041036,co_author,SDG 3 Good Health and Well-being
Biology,Bioscience,Asst. Prof. Dr. Natsaran Saichana,2022,Characterization of 3 phylogenetically distinct membrane-bound d-gluconate dehydrogenases of Gluconobacter spp. and their biotechnological application for efficient 2-keto-d-gluconate production,Bioscience Biotechnology and Biochemistry,Q3,2024,38,6,10.1093/bbb/zbac024,2-s2.0-85128801152,co_author,"SDG 9 Industry, Innovation and Infrastructure"
Biology,Bioscience,Asst. Prof. Dr. Natsaran Saichana,2022,New records of two appendage bearing ceolomycetes on grasses in Thailand,Phytotaxa,Q3,2024,41,1,10.11646/phytotaxa.541.2.2,2-s2.0-85141960037,co_author,
Biology,Bioscience,Asst. Prof. Dr. Natsaran Saichana,2022,khanzadakirgizbaeva sp. nov. and Paucispora xishanensis sp. nov.,Phytotaxa,Q3,2024,41,14,10.11646/phytotaxa.559.3.3,2-s2.0-85141974895,co_author,
Material Science Engineering,Material Science and Engineering,Asst. Prof. Dr. Nattaya Tawichai,2026,Binderless Acoustic Panels From Rice Straw Pulp With Tunable Fiber Architectures,Advanced Engineering Materials,Q2,2024,74,0,10.1002/adem.202500447,2-s2.0-105031749944,co_author,"SDG 2 Zero Hunger; SDG 9 Industry, Innovation and Infrastructure"
Material Science Engineering,Material Science and Engineering,Asst. Prof. Dr. Nattaya Tawichai,2024,Effect of Copper Chloride on Phase Structure and Properties of Synthesized Materials from Flue Gas Desulfurization Gypsum,Key Engineering Materials,Q4,2024,23,0,10.4028/p-L9cqRk,2-s2.0-85201301355,co_author,"SDG 9 Industry, Innovation and Infrastructure"
Material Science Engineering,Material Science and Engineering,Asst. Prof. Dr. Nattaya Tawichai,2024,Low-Density All-Cellulose Composites Made from Cotton Textile Waste with Promising Thermal Insulation and Acoustic Absorption Properties,ACS Applied Polymer Materials,Q1,2024,78,9,10.1021/acsapm.3c02076,2-s2.0-85181063469,co_author,"SDG 9 Industry, Innovation and Infrastructure; SDG 12 Responsible Consumption and Production"
Material Science Engineering,Material Science and Engineering,Asst. Prof. Dr. Nattaya Tawichai,2024,The Influence of Refining on Molded Pulps from Banana Pseudostem Waste After NH4OH–KOH Based Pulping and Single-Stage Bleaching,Waste and Biomass Valorization,Q2,2024,73,3,10.1007/s12649-023-02253-x,2-s2.0-85168615830,co_author,SDG 12 Responsible Consumption and Production
Material Science Engineering,Material Science and Engineering,Asst. Prof. Dr. Nattaya Tawichai,2023,Sustainable nanocomposite coating for moulded pulp with enhanced barrier properties for food packaging applications,Polymer International,Q1,2024,79,33,10.1002/pi.6469,2-s2.0-85141383299,co_author,"SDG 2 Zero Hunger; SDG 9 Industry, Innovation and Infrastructure; SDG 12 Responsible Consumption and Production"
Material Science Engineering,Material Science and Engineering,Asst. Prof. Dr. Nattaya Tawichai,2022,Bio-nanocomposite foams of starch reinforced with bacterial nanocellulose fibers,Materials Today Proceedings,Q2,2024,73,18,10.1016/j.matpr.2022.12.049,2-s2.0-85144373839,co_author,
Material Science Engineering,Material Science and Engineering,Asst. Prof. Dr. Nuttachat Wisittipanit,2026,Optimizing mechanical component design with population-based metaheuristics,Open Engineering,Q2,2024,60,0,10.1515/eng-2025-0166,2-s2.0-105032432139,co_author,"SDG 9 Industry, Innovation and Infrastructure"
Material Science Engineering,Material Science and Engineering,Asst. Prof. Dr. Nuttachat Wisittipanit,2025,Appropriate Parameters for Preheat Friction Stir Welding of 6061-T6 Aluminum Alloys Using Taguchi Method,Defect and Diffusion Forum,Q3,2024,26,0,10.4028/p-qX8uLs,2-s2.0-105008757657,co_author,
Material Science Engineering,Material Science and Engineering,Asst. Prof. Dr. Nuttachat Wisittipanit,2024,CRISPR 2 spacer architecture analysis and virulotyping for epidemiological study of Salmonella enterica subsp. Enterica circulating in northern Thailand (2015-2017),Journal of Associated Medical Sciences,Q4,2024,17,0,10.12982/JAMS.2024.030,2-s2.0-85186392843,co_author,
Material Science Engineering,Material Science and Engineering,Asst. Prof. Dr. Nuttachat Wisittipanit,2024,Influence of Post-Weld Heat Treatment on Mechanical Properties and Microstructure of Plasma Arc-Welded 316 Stainless Steel,Materials,Q1,2024,79,3,10.3390/ma17153768,2-s2.0-85200865986,co_author,
Material Science Engineering,Material Science and Engineering,Asst. Prof. Dr. Nuttachat Wisittipanit,2024,RECSALMO: Rapid typing and characterization tool for whole genome sequencing data of Salmonella,Science Engineering and Health Studies,Q3,2024,31,0,10.69598/sehs.18.24030004,2-s2.0-85213234192,co_author,"SDG 3 Good Health and Well-being; SDG 9 Industry, Innovation and Infrastructure"
Material Science Engineering,Material Science and Engineering,Asst. Prof. Dr. Nuttachat Wisittipanit,2024,Tri-objective parallel machine with job splitting and sequence dependent setup times using differential evolution and particle swarm optimization,International Journal of Industrial Engineering and Management,Q1,2024,81,2,10.24867/IJIEM-2024-4-362,2-s2.0-85212611878,co_author,"SDG 9 Industry, Innovation and Infrastructure"
Material Science Engineering,Material Science and Engineering,Asst. Prof. Dr. Nuttachat Wisittipanit,2023,Adsorption of Tetracycline by Magnetic Mesoporous Silica Derived from Bottom Ash—Biomass Power Plant,Sustainability Switzerland,Q1,2024,90,7,10.3390/su15064727,2-s2.0-85181777972,co_author,SDG 12 Responsible Consumption and Production
Material Science Engineering,Material Science and Engineering,Asst. Prof. Dr. Nuttachat Wisittipanit,2022,FSALE: Fast Decision-Aiding Tool in the Investigation of Salmonella Enterica Genome Assemblies,2022 International Conference on Decision Aid Sciences and Applications Dasa 2022,NA,,,0,10.1109/DASA54658.2022.9765247,2-s2.0-85130106883,co_author,
Material Science Engineering,Material Science and Engineering,Asst. Prof. Dr. Nuttachat Wisittipanit,2022,Optimization of Tungsten Inert Gas Welding Process Parameters for AISI 304 Stainless Steel,Defect and Diffusion Forum,Q3,2024,26,5,10.4028/p-p6v0i6,2-s2.0-85133679140,co_author,
Biology,Bioscience,Asst. Prof. Dr. Panom Winyayong,2025,Alkaloids and Styryl Lactones from Goniothalamus tortilipetalus and Their Biological Activities,Journal of Natural Products,Q1,2024,86,0,10.1021/acs.jnatprod.4c00933,2-s2.0-85209384620,co_author,
Biology,Bioscience,Asst. Prof. Dr. Panom Winyayong,2025,"Chalcones, flavonoids, and aristolactam alkaloids from Friesodielsia kingii and their biological activities",Phytochemistry Letters,Q2,2024,58,0,10.1016/j.phytol.2024.11.004,2-s2.0-85208499287,co_author,
Biology,Bioscience,Asst. Prof. Dr. Panom Winyayong,2024,"Antimicrobial Activity of Compounds Isolated from Uvaria wrayi (King) L.L. Zhou, Y.C.F. Su & R.M.K. Saunders Leaves and Twigs",Trends in Sciences,Q2,2024,59,0,10.48048/tis.2024.8306,2-s2.0-85207547178,co_author,SDG 3 Good Health and Well-being
Biology,Bioscience,Asst. Prof. Dr. Panom Winyayong,2024,Aristolactams and Flavanones from Dasymaschalon wallichii (Hook.f. & Thomson) Jing Wang & R.M.K.Saunders and Their α-Glucosidase Inhibitory Activity,Trends in Sciences,Q2,2024,59,0,10.48048/tis.2024.8429,2-s2.0-85208611272,first_author,
Biology,Bioscience,Asst. Prof. Dr. Panom Winyayong,2024,Polyoxygenated cyclohexenes from the fruits of Uvaria cordata (Dunal) Alston,Phytochemistry Letters,Q2,2024,58,2,10.1016/j.phytol.2024.05.011,2-s2.0-85194144779,co_author,
Chemistry,Chemistry,Asst. Prof. Dr. Patchara Punyamoonwongsa,2026,Injectable pH- and Temperature-Responsive Hydrogels for Scaffold Applications in Tissue Engineering,Biomacromolecules,Q1,2024,84,0,10.1021/acs.biomac.5c01591,2-s2.0-105029677453,co_author,"SDG 9 Industry, Innovation and Infrastructure"
Chemistry,Chemistry,Asst. Prof. Dr. Patchara Punyamoonwongsa,2026,Poly(styrene-alt-maleic acid)-assisted Membrane Solubilization for Improved Immobilization and Catalytic Performance of Soybean Lipolytic Enzymes in Electrospun Poly(vinyl alcohol) Fibers,ACS Omega,Q1,2024,77,0,10.1021/acsomega.5c09274,2-s2.0-105030195224,co_author,"SDG 9 Industry, Innovation and Infrastructure"
Chemistry,Chemistry,Asst. Prof. Dr. Patchara Punyamoonwongsa,2025,"Bromoform-Mediated Diblock Copolymerization of Acrylamide and N,N-Dimethylacrylamide in Aqueous Solution",Polymer Engineering and Science,Q1,2024,78,0,10.1002/pen.70157,2-s2.0-105018498511,co_author,"SDG 9 Industry, Innovation and Infrastructure"
Chemistry,Chemistry,Asst. Prof. Dr. Patchara Punyamoonwongsa,2024,A MAX phase (Ti3AlC2) as a performance enhancer for poly(lactic acid) electrospun membranes in steam generation and solar desalination,International Journal of Biological Macromolecules,Q1,2024,92,8,10.1016/j.ijbiomac.2024.132380,2-s2.0-85193262707,co_author,SDG 7 Affordable and Clean Energy
Chemistry,Chemistry,Asst. Prof. Dr. Patchara Punyamoonwongsa,2024,A single-step extraction and immobilization of soybean lipolytic enzymes by using a purpose-designed copolymer of styrene and maleic acid as a membrane lysis agent,Heliyon,Q1,2024,80,2,10.1016/j.heliyon.2024.e31313,2-s2.0-85193599989,co_author,"SDG 9 Industry, Innovation and Infrastructure"
Chemistry,Chemistry,Asst. Prof. Dr. Patchara Punyamoonwongsa,2024,Synthesis and characterization of styrene-maleic acid block copolymers with acrylic and methacrylic acids for potential use in membrane protein extraction,Journal of Applied Polymer Science,Q2,2024,72,1,10.1002/app.55641,2-s2.0-85192108223,co_author,"SDG 9 Industry, Innovation and Infrastructure"
Chemistry,Chemistry,Asst. Prof. Dr. Patchara Punyamoonwongsa,2023,Encapsulation of propolis extracts in aqueous formulations by using nanovesicles of lipid and poly(styrene-alt-maleic acid),Artificial Cells Nanomedicine and Biotechnology,Q1,2024,88,7,10.1080/21691401.2023.2198570,2-s2.0-85152600919,co_author,
Chemistry,Chemistry,Asst. Prof. Dr. Patchara Punyamoonwongsa,2022,Lipid nanodiscs of poly(styrene-alt-maleic acid) to enhance plant antioxidant extraction,E Polymers,Q2,2024,69,2,10.1515/epoly-2022-0061,2-s2.0-85135934229,first_author,
Chemistry,Chemistry,Asst. Prof. Dr. Patchara Punyamoonwongsa,2022,Preliminary Characterization of Mucus Crude Extracts from Mushroom Phallus indusiatus,Chiang Mai Journal of Science,Q3,2024,49,0,10.12982/CMJS.2022.017,2-s2.0-85127769132,co_author,SDG 2 Zero Hunger
Chemistry,Chemistry,Asst. Prof. Dr. Patchara Punyamoonwongsa,2022,"Synthesis and characterization of block copolymers of styrene-maleic acid with acrylamide and N,N-dimethylacrylamide",Polymer Engineering and Science,Q1,2024,78,6,10.1002/pen.25986,2-s2.0-85127621880,co_author,"SDG 9 Industry, Innovation and Infrastructure"
Chemistry,Chemistry,Asst. Prof. Dr. Patcharanan Choto,2024,Preparation and characterization of polyvinyl alcohol (PVA)-glycerol composite films incorporating nanosilica from municipal solid waste incinerator bottom ash,Heliyon,Q1,2024,80,21,10.1016/j.heliyon.2024.e25963,2-s2.0-85187269681,co_author,"SDG 9 Industry, Innovation and Infrastructure; SDG 11 Sustainable Cities and Communities; SDG 12 Responsible Consumption and Production"
Chemistry,Chemistry,Asst. Prof. Dr. Patcharanan Choto,2024,The use of a tertiary solvent mixture to study solvent dynamic effects in the photoinduced electron transfer reaction of excited singlet pyrene and indole,New Journal of Chemistry,Q2,2024,63,0,10.1039/d3nj05255a,2-s2.0-85186992321,co_author,
Chemistry,Chemistry,Asst. Prof. Dr. Patcharanan Choto,2023,Adsorption of Tetracycline by Magnetic Mesoporous Silica Derived from Bottom Ash—Biomass Power Plant,Sustainability Switzerland,Q1,2024,90,7,10.3390/su15064727,2-s2.0-85181777972,co_author,SDG 12 Responsible Consumption and Production
Chemistry,Chemistry,Asst. Prof. Dr. Patcharanan Choto,2023,Green extraction ofãrabica coffee cherry husk usingã deep eutectic solvent,Scienceasia,Q2,2024,53,2,10.2306/scienceasia1513-1874.2023.s010,2-s2.0-85182370121,co_author,SDG 2 Zero Hunger; SDG 12 Responsible Consumption and Production
Chemistry,Chemistry,Asst. Prof. Dr. Patcharanan Choto,2022,Utilization of Corncob Biochar in Cultivation Media for Cordycepin Production and Biomass of Cordyceps militaris,Sustainability Switzerland,Q1,2024,90,8,10.3390/su14159362,2-s2.0-85136988180,co_author,SDG 12 Responsible Consumption and Production
Biology,Bioscience,Asst. Prof. Dr. Pattana Kakumyan,2026,"One Novel Hyphodiscosia Species From Litchi Litter in China with Insights into Host Associations and Geographic Distribution of Muyocopronaceae (Muyocopronales,Dothideomycetes)",Current Microbiology,Q3,2024,48,0,10.1007/s00284-026-04720-9,2-s2.0-105027705504,co_author,SDG 15 Life on Land
Biology,Bioscience,Asst. Prof. Dr. Pattana Kakumyan,2026,"Pleopunctum xizangense sp. nov. (Pleosporales, Phaeoseptaceae) and Pseudolophiostoma yunnanense sp. nov. (Pleosporales, Lophiostomataceae), and a new record of Pleopunctum pseudoellipsoideum on Fagales",Mycokeys,Q1,2024,84,0,10.3897/mycokeys.131.175264,2-s2.0-105038249276,co_author,
Biology,Bioscience,Asst. Prof. Dr. Pattana Kakumyan,2026,Taxonomic novelties and host associations of Sordariomycetes from wetland-dwelling Poales in Thailand,Mycokeys,Q1,2024,84,0,10.3897/mycokeys.129.163092,2-s2.0-105034901663,co_author,
Biology,Bioscience,Asst. Prof. Dr. Pattana Kakumyan,2026,"Taxonomy and phylogeny of Pseudochaetosphaeronema associated with rubber trees from Yunnan Province, China",Mycokeys,Q1,2024,84,0,10.3897/mycokeys.128.182163,2-s2.0-105032486171,co_author,SDG 15 Life on Land
Biology,Bioscience,Asst. Prof. Dr. Pattana Kakumyan,2025,Bioactivities of Protein Hydrolysates Prepared froSchizophyllum commune,Chiang Mai Journal of Science,Q3,2024,49,0,10.12982/CMJS.2025.095,2-s2.0-105026569351,co_author,
Biology,Bioscience,Asst. Prof. Dr. Pattana Kakumyan,2025,Comparison of the Bacterial and Fungal Communities and Metabolic Functions of Cottonseed Hull Waste Compost Associated with High and Low Yields of Straw Mushroom Volvariella volvacea,Microorganisms,Q1,2024,78,2,10.3390/microorganisms13020437,2-s2.0-85219030792,first_author,SDG 2 Zero Hunger; SDG 12 Responsible Consumption and Production; SDG 15 Life on Land
Biology,Bioscience,Asst. Prof. Dr. Pattana Kakumyan,2025,"Exophiala hongheensis (Herpotrichiellaceae, Chaetothyriales, Eurotiomycetes), a new endophytic species on Amomum tsao-ko in Yunnan, China",Phytotaxa,Q3,2024,41,1,10.11646/phytotaxa.691.3.2,2-s2.0-86000182269,co_author,SDG 15 Life on Land
Biology,Bioscience,Asst. Prof. Dr. Pattana Kakumyan,2025,"Morphological and phylogenetic evaluation of a new species of Rhodoveronaea (Rhamphoriaceae, Rhamphoriales) associated with Quercus fabrei (Fagales) in Yunnan Province, China",Biodiversity Data Journal,Q2,2024,51,1,10.3897/BDJ.13.e154654,2-s2.0-105017305126,co_author,SDG 15 Life on Land
Biology,Bioscience,Asst. Prof. Dr. Pattana Kakumyan,2025,"Morphology and multigene phylogeny reveal a new species and a new record of saprobic Dothideomycetes from Hevea brasiliensis in Yunnan Province, China",Phytotaxa,Q3,2024,41,1,10.11646/phytotaxa.690.1.5,2-s2.0-85219140591,co_author,SDG 15 Life on Land
Biology,Bioscience,Asst. Prof. Dr. Pattana Kakumyan,2025,Morphology and phylogeny reveal two new species and host records of hyphomycetous fungi on Areca species from marine habitats in Thailand,Mycokeys,Q1,2024,84,1,10.3897/mycokeys.118.147229,2-s2.0-105008018411,co_author,SDG 14 Life Below Water; SDG 15 Life on Land
Biology,Bioscience,Asst. Prof. Dr. Pattana Kakumyan,2025,Phylogenetic and Morphological Characterization of Beltraniaceae Species from Litchi and Longan Litter in Southern China,Chiang Mai Journal of Science,Q3,2024,49,1,10.12982/CMJS.2025.045,2-s2.0-105011073742,co_author,SDG 15 Life on Land
Biology,Bioscience,Asst. Prof. Dr. Pattana Kakumyan,2025,Sustainable Recycling of Mushroom Residue as an Effective Substitute for Cotton Hull Waste in Volvariella volvacea Cultivation: Evidence from Physicochemical and Microbiome Analyses,Microorganisms,Q1,2024,78,1,10.3390/microorganisms13102372,2-s2.0-105020072803,first_author,SDG 2 Zero Hunger; SDG 12 Responsible Consumption and Production
Biology,Bioscience,Asst. Prof. Dr. Pattana Kakumyan,2025,Two novel species of Hermatomyces (Dothideomycetes) from Fagales in China,Mycological Progress,Q1,2024,85,1,10.1007/s11557-025-02105-z,2-s2.0-105022116323,co_author,SDG 15 Life on Land
Biology,Bioscience,Asst. Prof. Dr. Pattana Kakumyan,2024,Combined Proteomic and Metabolomic Analyses Reveal the Comprehensive Regulation of Stropharia rugosoannulata Mycelia Exposed to Cadmium Stress,Journal of Fungi,Q1,2024,92,4,10.3390/jof10020134,2-s2.0-85187265201,co_author,SDG 15 Life on Land
Biology,Bioscience,Asst. Prof. Dr. Pattana Kakumyan,2023,"Potential use of propolis-loaded quaternized chitosan/pectin hydrogel films as wound dressings: Preparation, characterization, antibacterial evaluation, and in vitro healing assay",International Journal of Biological Macromolecules,Q1,2024,92,66,10.1016/j.ijbiomac.2023.124633,2-s2.0-85154041036,co_author,SDG 3 Good Health and Well-being
Biology,Bioscience,Asst. Prof. Dr. Pattana Kakumyan,2023,"Taxonomy and phylogeny of Fusarium houttuyniae and F. liriopes spp. nov. (Hypocreales, Nectriaceae) from China",Phytotaxa,Q3,2024,41,0,10.11646/phytotaxa.603.3.5,2-s2.0-85178119293,co_author,SDG 15 Life on Land
Biology,Bioscience,Asst. Prof. Dr. Pattana Kakumyan,2022,A review of bambusicolous Ascomycota in China with an emphasis on species richness in southwest China,Studies in Fungi,Q2,2024,62,32,10.48130/sif-2022-0020,2-s2.0-85146170462,co_author,SDG 15 Life on Land
Biology,Bioscience,Asst. Prof. Dr. Pattana Kakumyan,2022,"Coprinopsis cinerea dioxygenase is an oxygenase forming 10(S)-hydroperoxide of linoleic acid, essential for mushroom alcohol, 1-octen-3-ol, synthesis",Journal of Biological Chemistry,Q1,2024,76,25,10.1016/j.jbc.2022.102507,2-s2.0-85139871040,co_author,SDG 2 Zero Hunger
Biology,Bioscience,Asst. Prof. Dr. Pattana Kakumyan,2022,Impact of Cultivation Substrate and Microbial Community on Improving Mushroom Productivity: A Review,Biology,Q1,2024,91,132,10.3390/biology11040569,2-s2.0-85128752657,co_author,SDG 2 Zero Hunger
Biology,Bioscience,Asst. Prof. Dr. Pattana Kakumyan,2022,Potential of Longan Seed Extract–Loaded Alginate–Chitosan Beads as Drug Delivery System,Frontiers in Materials,Q2,2024,70,9,10.3389/fmats.2022.818595,2-s2.0-85124706437,co_author,SDG 3 Good Health and Well-being
Biology,Bioscience,Asst. Prof. Dr. Pattana Kakumyan,2022,The Impact of Drying Temperature on Basidiospore Size,Diversity,Q1,2024,77,138,10.3390/d14040239,2-s2.0-85127976432,co_author,
Biology,Bioscience,Asst. Prof. Dr. Pattana Kakumyan,2022,The Use of Agaricus subrufescens for Rehabilitation of Agricultural Soils,Agronomy,Q1,2024,84,5,10.3390/agronomy12092034,2-s2.0-85138563431,co_author,SDG 2 Zero Hunger
Chemistry,Chemistry,Asst. Prof. Dr. Phunrawie Promnart,2025,Alkaloids and Styryl Lactones from Goniothalamus tortilipetalus and Their Biological Activities,Journal of Natural Products,Q1,2024,86,0,10.1021/acs.jnatprod.4c00933,2-s2.0-85209384620,co_author,
Chemistry,Chemistry,Asst. Prof. Dr. Phunrawie Promnart,2025,"Chalcones, flavonoids, and aristolactam alkaloids from Friesodielsia kingii and their biological activities",Phytochemistry Letters,Q2,2024,58,0,10.1016/j.phytol.2024.11.004,2-s2.0-85208499287,co_author,
Chemistry,Chemistry,Asst. Prof. Dr. Phunrawie Promnart,2025,Highly oxygenated cyclohexenes from the leaves of Uvaria grandiflora Roxb. ex Hornem and their cytotoxic and α-glucosidase inhibitory activities,Heliyon,Q1,2024,80,0,10.1016/j.heliyon.2024.e41326,2-s2.0-85212561903,co_author,
Chemistry,Chemistry,Asst. Prof. Dr. Phunrawie Promnart,2024,"Antimicrobial Activity of Compounds Isolated from Uvaria wrayi (King) L.L. Zhou, Y.C.F. Su & R.M.K. Saunders Leaves and Twigs",Trends in Sciences,Q2,2024,59,0,10.48048/tis.2024.8306,2-s2.0-85207547178,co_author,SDG 3 Good Health and Well-being
Chemistry,Chemistry,Asst. Prof. Dr. Phunrawie Promnart,2024,Aporphine alkaloids and a naphthoquinone derivative from the leaves of Phaeanthus lucidus Oliv. and their α-glucosidase inhibitory activity,Phytochemistry,Q1,2024,92,9,10.1016/j.phytochem.2024.114020,2-s2.0-85185444591,co_author,
Chemistry,Chemistry,Asst. Prof. Dr. Phunrawie Promnart,2024,Aristolactams and Flavanones from Dasymaschalon wallichii (Hook.f. & Thomson) Jing Wang & R.M.K.Saunders and Their α-Glucosidase Inhibitory Activity,Trends in Sciences,Q2,2024,59,0,10.48048/tis.2024.8429,2-s2.0-85208611272,co_author,
Chemistry,Chemistry,Asst. Prof. Dr. Phunrawie Promnart,2024,Chemical Composition of the Essential Oils from Goniothalamus tortilipetalus M.R.Hend. and Their Antioxidant and Antibacterial Activities,Chemistry Switzerland,Q2,2024,50,7,10.3390/chemistry6020013,2-s2.0-85191525157,co_author,SDG 3 Good Health and Well-being
Chemistry,Chemistry,Asst. Prof. Dr. Phunrawie Promnart,2024,Highly oxygenated cyclohexenes from Uvaria dac Pierre ex Finet & Gagnep. and their α-glucosidase inhibitory activity,Fitoterapia,Q1,2024,78,2,10.1016/j.fitote.2024.106044,2-s2.0-85194339182,co_author,
Chemistry,Chemistry,Asst. Prof. Dr. Phunrawie Promnart,2024,Polyoxygenated cyclohexenes from the fruits of Uvaria cordata (Dunal) Alston,Phytochemistry Letters,Q2,2024,58,2,10.1016/j.phytol.2024.05.011,2-s2.0-85194144779,co_author,
Chemistry,Chemistry,Asst. Prof. Dr. Phunrawie Promnart,2024,"Tetrahydroxanthene-1,3(2H)-diones and Oxidized Hexadiene Derivatives from Uvaria leptopoda and Their Biological Activities",Journal of Natural Products,Q1,2024,86,4,10.1021/acs.jnatprod.4c00248,2-s2.0-85194401808,co_author,
Biology,Bioscience,Asst. Prof. Dr. Plaipol Dedvisitsakul,2025,Bioactivities of Protein Hydrolysates Prepared froSchizophyllum commune,Chiang Mai Journal of Science,Q3,2024,49,0,10.12982/CMJS.2025.095,2-s2.0-105026569351,co_author,
Biology,Bioscience,Asst. Prof. Dr. Plaipol Dedvisitsakul,2025,Heterologous Reconstitution of the Biosynthesis Pathway for Producing Holo-C-Phycocyanin Alpha Subunit (CpcA) from Thermosynechococcus sp. TUBT-T01,Molecular Biotechnology,Q2,2024,53,0,10.1007/s12033-025-01525-2,2-s2.0-105020972187,co_author,
Biology,Bioscience,Asst. Prof. Dr. Plaipol Dedvisitsakul,2025,Molecular Identification of Some Selected Cyanobacteria and Their Antioxidant Activities,Trends in Sciences,Q2,2024,59,1,10.48048/tis.2025.8950,2-s2.0-85215379073,first_author,
Biology,Bioscience,Asst. Prof. Dr. Plaipol Dedvisitsakul,2022,Antioxidant activity and antidiabetic activities of Northern Thai indigenous edible plant extracts and their phytochemical constituents,Heliyon,Q1,2024,80,39,10.1016/j.heliyon.2022.e10740,2-s2.0-85138584482,first_author,SDG 2 Zero Hunger
Biology,Bioscience,Asst. Prof. Dr. Plaipol Dedvisitsakul,2022,"Corrigendum to “Antioxidant activity and antidiabetic activities of Northern Thai indigenous edible plant extracts and their phytochemical constituents” [Heliyon 8 (9), (September 2022) Article e10740] (Heliyon (2022) 8(9), (S240584402202028X), (10.1016/j.heliyon.2022.e10740))",Heliyon,Q1,2024,80,0,10.1016/j.heliyon.2022.e11986,2-s2.0-85144646605,first_author,SDG 2 Zero Hunger
Biology,Bioscience,Asst. Prof. Dr. Prapassorn Damrongkool Eungwanichayapant,2026,"First Report on the Asexual Morphology of Nigrograna jinghongensis (Nigrogranaceae, Pleosporales) with a New Host Record from China",New Zealand Journal of Botany,Q2,2024,57,0,10.1002/nzb2.70004,2-s2.0-105035202675,co_author,
Biology,Bioscience,Asst. Prof. Dr. Prapassorn Damrongkool Eungwanichayapant,2026,"Funiliomycetaceae fam. nov. (Amphisphaeriales, Ascomycota) accommodating Funiliomyces, including F. jiangxiensis sp. nov. from Tetradium ruticarpum and ten new combinations",IMA Fungus,Q1,2024,96,0,10.3897/imafungus.17.179140,2-s2.0-105029829301,co_author,SDG 15 Life on Land
Biology,Bioscience,Asst. Prof. Dr. Prapassorn Damrongkool Eungwanichayapant,2026,"Three New Species of Nagrajchalara in Yunnan Province, China",New Zealand Journal of Botany,Q2,2024,57,0,10.1002/nzb2.70061,2-s2.0-105035114100,co_author,SDG 15 Life on Land
Biology,Bioscience,Asst. Prof. Dr. Prapassorn Damrongkool Eungwanichayapant,2025,"A novel non-haired Hyaloscyphaceae species, Isthmosporiella glabra sp. nov., in Yunnan Province, China",Asian Journal of Mycology,Q3,2024,48,0,2-s2.0-105028331684,2-s2.0-105028331684,co_author,SDG 15 Life on Land
Biology,Bioscience,Asst. Prof. Dr. Prapassorn Damrongkool Eungwanichayapant,2025,"Integrative taxonomy reveals Pseudokeissleriella tetradii sp. nov. (Lentitheciaceae, Pleosporales) associated with Tetradium ruticarpum in Anhui Province, China",Phytotaxa,Q3,2024,41,0,10.11646/phytotaxa.710.2.2,2-s2.0-105010874258,co_author,SDG 15 Life on Land
Biology,Bioscience,Asst. Prof. Dr. Prapassorn Damrongkool Eungwanichayapant,2025,"Morphological and phylogenetic characterization of a new Cyphellophora (Chaetothyriales, Cyphellophoraceae) species associated with Tetradium ruticarpum from Guangxi Province, China",Phytotaxa,Q3,2024,41,2,10.11646/phytotaxa.704.3.3,2-s2.0-105007988831,co_author,SDG 15 Life on Land
Biology,Bioscience,Asst. Prof. Dr. Prapassorn Damrongkool Eungwanichayapant,2025,One stop shop V: taxonomic update with molecular phylogeny for important phytopathogenic genera: 101–125 (2024),Fungal Diversity,Q1,2024,99,14,10.1007/s13225-024-00542-x,2-s2.0-85218092917,co_author,SDG 15 Life on Land
Biology,Bioscience,Asst. Prof. Dr. Prapassorn Damrongkool Eungwanichayapant,2025,"The polyphasic approach reveals two new species and two new records of Nigrospora (Apiosporaceae, Amphisphaeriales) associated with Aquilaria sinensis from China",Mycokeys,Q1,2024,84,1,10.3897/mycokeys.121.154055,2-s2.0-105014452786,co_author,SDG 15 Life on Land
Biology,Bioscience,Asst. Prof. Dr. Prapassorn Damrongkool Eungwanichayapant,2025,"Two new species of Puccinia (Pucciniaceae, Pucciniales) from herbaceous plants in Yunnan Province, China",Phytotaxa,Q3,2024,41,1,10.11646/phytotaxa.694.1.2,2-s2.0-105000371200,co_author,SDG 15 Life on Land
Biology,Bioscience,Asst. Prof. Dr. Prapassorn Damrongkool Eungwanichayapant,2025,"Updating the diversity: three novel species of Triblidium (Triblidiaceae, Rhytismatales) in west Yunnan, China",Mycokeys,Q1,2024,84,3,10.3897/mycokeys.121.165642,2-s2.0-105018712406,co_author,SDG 15 Life on Land
Biology,Bioscience,Asst. Prof. Dr. Prapassorn Damrongkool Eungwanichayapant,2024,"Additional four species of Tatraea (Leotiomycetes, Helotiales) in Yunnan Province, China",Mycokeys,Q1,2024,84,8,10.3897/mycokeys.102.112565,2-s2.0-85191549336,co_author,SDG 15 Life on Land
Biology,Bioscience,Asst. Prof. Dr. Prapassorn Damrongkool Eungwanichayapant,2024,"Longistipes gen. nov. and four novel species of Hyphodiscaceae, along with six new collections of Leotiomycetes in Yunnan Province, China",Mycosphere,Q1,2024,98,11,10.5943/MYCOSPHERE/15/1/20,2-s2.0-85209129329,co_author,SDG 15 Life on Land
Biology,Bioscience,Asst. Prof. Dr. Prapassorn Damrongkool Eungwanichayapant,2024,"Phlyctema yunnanensis (Dermateaceae, Helotiales), a novel species from herbaceous plants in grassland ecosystems of Yunnan, China",Studies in Fungi,Q2,2024,62,4,10.48130/sif-0024-0020,2-s2.0-85215395481,co_author,SDG 15 Life on Land
Biology,Bioscience,Asst. Prof. Dr. Prapassorn Damrongkool Eungwanichayapant,2024,"Two new Stictidaceae species from grasslands in Yunnan province, China",New Zealand Journal of Botany,Q2,2024,57,7,10.1080/0028825X.2024.2314562,2-s2.0-85184447257,co_author,SDG 15 Life on Land
Biology,Bioscience,Asst. Prof. Dr. Prapassorn Damrongkool Eungwanichayapant,2024,"Two new species of Parastagonospora and a new species of Phaeoseptoriella (Phaeosphaeriaceae, Pleosporales) from grasslands in Yunnan Province, China",Mycokeys,Q1,2024,84,4,10.3897/mycokeys.109.134136,2-s2.0-85207129938,co_author,SDG 15 Life on Land
Biology,Bioscience,Asst. Prof. Dr. Prapassorn Damrongkool Eungwanichayapant,2023,Morphology and multigene phylogeny reveal ten novel taxa in Ascomycota from terrestrial palm substrates (Arecaceae) in Thailand,Mycosphere,Q1,2024,98,72,10.5943/mycosphere/14/1/2,2-s2.0-85150434175,co_author,SDG 15 Life on Land
Biology,Bioscience,Asst. Prof. Dr. Prapassorn Damrongkool Eungwanichayapant,2022,System Design of a Toxic waste management system Empirical study for Chiang Rai province,6th International Conference on Information Technology Incit 2022,NA,,,3,10.1109/InCIT56086.2022.10067636,2-s2.0-85151764412,co_author,SDG 12 Responsible Consumption and Production
Biology,Bioscience,Asst. Prof. Dr. Prapassorn Damrongkool Eungwanichayapant,2022,The spectral energy distribution of an X-ray pair halo from a gamma-ray source with a power-law continuum,Journal of Physics Conference Series,Q3,2024,27,0,10.1088/1742-6596/2145/1/012013,2-s2.0-85123676467,first_author,SDG 7 Affordable and Clean Energy
Material Science Engineering,Material Science and Engineering,Asst. Prof. Dr. Prathak Jienkulsawad,2023,Effect of battery material and operation on dynamic performance of a vanadium redox flow battery under electrolyte imbalance conditions,Energy,Q1,2024,99,23,10.1016/j.energy.2023.126708,2-s2.0-85148956324,first_author,"SDG 7 Affordable and Clean Energy; SDG 9 Industry, Innovation and Infrastructure"
Material Science Engineering,Material Science and Engineering,Asst. Prof. Dr. Prathak Jienkulsawad,2022,Composting time minimization of mature vermicompost using desirability and response surface methodology approach,Computers and Chemical Engineering,Q1,2024,82,13,10.1016/j.compchemeng.2022.108037,2-s2.0-85140088824,co_author,"SDG 9 Industry, Innovation and Infrastructure"
Material Science Engineering,Material Science and Engineering,Asst. Prof. Dr. Prathak Jienkulsawad,2022,Neural network-based adaptive control and energy management system of a direct methanol fuel cell in a hybrid renewable power system,Sustainable Cities and Society,Q1,2024,99,15,10.1016/j.scs.2022.104192,2-s2.0-85140757019,first_author,SDG 7 Affordable and Clean Energy; SDG 12 Responsible Consumption and Production
CIX,Computational Science,Asst. Prof. Dr. Rungrote Nilthong,2026,"Deep sequencing reveals genetic identity of pepper yellow leaf curl Thailand virus from pepper and whiteflies from Chiang Mai, Thailand",Agriculture and Natural Resources,Q3,2024,44,0,10.34044/j.anres.2026.60.1.05,2-s2.0-105039308973,co_author,SDG 2 Zero Hunger
CIX,Computational Science,Asst. Prof. Dr. Rungrote Nilthong,2025,"Discovery of a new species and a new geographical record of Metarhizium (Clavicipitaceae, Hypocreales) from China",Phytotaxa,Q3,2024,41,1,10.11646/phytotaxa.683.2.1,2-s2.0-85216868206,co_author,SDG 15 Life on Land
CIX,Computational Science,Asst. Prof. Dr. Rungrote Nilthong,2025,"New Aquilariomyces and Mangifericomes species (Pleosporales, Ascomycota) from Aquilaria spp. in China",Mycokeys,Q1,2024,84,3,10.3897/mycokeys.112.139831,2-s2.0-85215377534,co_author,SDG 15 Life on Land
CIX,Computational Science,Asst. Prof. Dr. Rungrote Nilthong,2025,"Ophiocordyceps linyphiidarum sp. nov., a newly discovered spider-pathogenic fungus from China",Phytotaxa,Q3,2024,41,2,10.11646/phytotaxa.715.1.2,2-s2.0-105017061347,co_author,
CIX,Computational Science,Asst. Prof. Dr. Rungrote Nilthong,2025,"Three new species of Ophiocordyceps (Hypocreales, Ophiocordycipitaceae) and a new host record for Hirsutella vermicola from China",Mycokeys,Q1,2024,84,6,10.3897/mycokeys.117.144875,2-s2.0-105005889745,co_author,SDG 15 Life on Land
CIX,Computational Science,Asst. Prof. Dr. Rungrote Nilthong,2025,"Two new species and one asexual morph record of Paraisaria (Ophiocordycipitaceae, Hypocreales) from China",Mycokeys,Q1,2024,84,0,10.3897/mycokeys.121.156843,2-s2.0-105018709216,co_author,SDG 15 Life on Land
CIX,Computational Science,Asst. Prof. Dr. Rungrote Nilthong,2024,"Melomastia (Dothideomycetes, Ascomycota) species associated with Chinese Aquilaria spp",Mycokeys,Q1,2024,84,4,10.3897/mycokeys.111.137898,2-s2.0-85211440799,co_author,SDG 15 Life on Land
CIX,Computational Science,Asst. Prof. Dr. Rungrote Nilthong,2024,Molecular Characterization of Wild Tea Plants (Camellia spp.) in Thailand Using DNA Barcoding Markers,Asian Journal of Plant Sciences,Q3,2024,33,0,10.3923/ajps.2024.345.366,2-s2.0-85202583360,co_author,SDG 2 Zero Hunger
CIX,Computational Science,Asst. Prof. Dr. Rungrote Nilthong,2023,Estimation of Solar Radiation for Evaporation Evaluation in Mae Suai Reservoir,Gmsarn International Journal,Q3,2024,31,1,2-s2.0-85150799063,2-s2.0-85150799063,co_author,SDG 7 Affordable and Clean Energy
CIX,Computational Science,Asst. Prof. Dr. Rungrote Nilthong,2023,Identification of Major Brown Planthopper Resistance Genes in Indigenous Thai Upland Rice Germplasm Using Molecular Markers,Agronomy,Q1,2024,84,6,10.3390/agronomy13102605,2-s2.0-85175460590,co_author,SDG 2 Zero Hunger
CIX,Computational Science,Asst. Prof. Dr. Rungrote Nilthong,2023,Screening of rice blast resistance in Thai upland rice using pathogenicity assays and molecular markers,Journal of Crop Improvement,Q2,2024,68,4,10.1080/15427528.2022.2159600,2-s2.0-85145164399,co_author,SDG 2 Zero Hunger
CIX,Computational Science,Asst. Prof. Dr. Rungrote Nilthong,2022,Genetic diversity and population structure of blast resistance genes in Thai upland rice germplasm,European Journal of Plant Pathology,Q1,2024,80,6,10.1007/s10658-022-02499-6,2-s2.0-85126740347,co_author,SDG 2 Zero Hunger
Biology,Bioscience,Asst. Prof. Dr. Ruvishika Jayawardena,2026,Four New Dibenzo-α-pyrones From Helicosporium sexuale LZ15,Chemistry and Biodiversity,Q2,2024,51,0,10.1002/cbdv.71229,2-s2.0-105036565546,co_author,SDG 15 Life on Land
Biology,Bioscience,Asst. Prof. Dr. Ruvishika Jayawardena,2026,Isolation and molecular characterization of three new fungal endophyte species from members of lauraceae in northern Thailand,Agriculture Communications,Q2,2024,53,0,10.1016/j.agrcom.2026.100134,2-s2.0-105031928983,co_author,SDG 2 Zero Hunger; SDG 15 Life on Land
Biology,Bioscience,Asst. Prof. Dr. Ruvishika Jayawardena,2026,"Morpho-cultural and molecular phylogenetic analyses reveal Neoarthrinium kaempferiae sp. nov. (Neoarthriniaceae), an endophytic fungus from Kaempferia galanga in Guangdong, China",Phytotaxa,Q3,2024,41,0,10.11646/phytotaxa.744.3.2,2-s2.0-105032139181,co_author,
Biology,Bioscience,Asst. Prof. Dr. Ruvishika Jayawardena,2026,Putative palm pathogens: Novel species and new host records of leaf disease-associated microfungi (Ascomycota) on Nypa fruticans in Thailand,Mycokeys,Q1,2024,84,0,10.3897/mycokeys.130.175665,2-s2.0-105035082189,co_author,SDG 3 Good Health and Well-being; SDG 15 Life on Land
Biology,Bioscience,Asst. Prof. Dr. Ruvishika Jayawardena,2026,Revealing Pathogens and Disease-Associated Ascomycetes in Post-Harvest Citrus and Psidium Fruits in Markets in Northern Thailand,Plant Pathology,Q1,2024,90,0,10.1111/ppa.70094,2-s2.0-105022641276,co_author,SDG 3 Good Health and Well-being
Biology,Bioscience,Asst. Prof. Dr. Ruvishika Jayawardena,2026,Sordariomycetes Taxa Associated with Dracaena in Karst Outcrops: Two Novel Species and Five New Host Records from Thailand,Journal of Fungi,Q1,2024,92,0,10.3390/jof12030168,2-s2.0-105034415253,co_author,SDG 15 Life on Land
Biology,Bioscience,Asst. Prof. Dr. Ruvishika Jayawardena,2026,"Species diversity of Diaporthe on mangroves: Taxonomic novelties, pathogenic associations, and phylogenetic reassessment of endophytes",Mycologia,Q1,2024,85,1,10.1080/00275514.2025.2550907,2-s2.0-105023710038,co_author,SDG 15 Life on Land
Biology,Bioscience,Asst. Prof. Dr. Ruvishika Jayawardena,2026,Three new polyhydroxy-chlorinated dibenzo-α-pyrones isolated from Helicosporium sexuale LZ15,Fitoterapia,Q1,2024,78,0,10.1016/j.fitote.2026.107112,2-s2.0-105028495884,co_author,
Biology,Bioscience,Asst. Prof. Dr. Ruvishika Jayawardena,2026,"Two new lichenized species and a new record from Guizhou, China",Mycokeys,Q1,2024,84,0,10.3897/mycokeys.128.170469,2-s2.0-105032666935,co_author,SDG 15 Life on Land
Biology,Bioscience,Asst. Prof. Dr. Ruvishika Jayawardena,2025,"A new Myxospora (Hypocreales, Sordariomycetes) species from the Tibetan Plateau, China",New Zealand Journal of Botany,Q2,2024,57,3,10.1080/0028825X.2024.2438411,2-s2.0-85212680048,co_author,SDG 15 Life on Land
Biology,Bioscience,Asst. Prof. Dr. Ruvishika Jayawardena,2025,"Additions to fungicolous Hypomyces from northern Thailand: A novel species, combinations and new records",Fungal Biology,Q1,2024,84,1,10.1016/j.funbio.2025.101535,2-s2.0-85215066535,co_author,SDG 15 Life on Land
Biology,Bioscience,Asst. Prof. Dr. Ruvishika Jayawardena,2025,An Online Database on Fungicolous Fungi: https://www.fungicolousfungi.org,Chiang Mai Journal of Science,Q3,2024,49,1,10.12982/CMJS.2025.026,2-s2.0-105011766648,co_author,SDG 15 Life on Land
Biology,Bioscience,Asst. Prof. Dr. Ruvishika Jayawardena,2025,Antifungal metabolite profiling and inhibition assessment of Trichoderma-derived compounds during initial spore germination stage against postharvest pathogens,Studies in Fungi,Q2,2024,62,1,10.48130/sif-0025-0015,2-s2.0-105013183796,co_author,SDG 2 Zero Hunger; SDG 3 Good Health and Well-being; SDG 15 Life on Land
Biology,Bioscience,Asst. Prof. Dr. Ruvishika Jayawardena,2025,"Correction: Morphology and molecular phylogeny of Dothideomycetes fungi associated with Dracaena plants (Frontiers in Cellular and Infection Microbiology, (2025), 15, (1550824), 10.3389/fcimb.2025.1550824)",Frontiers in Cellular and Infection Microbiology,Q1,2024,88,0,10.3389/fcimb.2025.1686965,2-s2.0-105017101614,co_author,SDG 15 Life on Land
Biology,Bioscience,Asst. Prof. Dr. Ruvishika Jayawardena,2025,"Discovery of a new species and a new geographical record of Metarhizium (Clavicipitaceae, Hypocreales) from China",Phytotaxa,Q3,2024,41,1,10.11646/phytotaxa.683.2.1,2-s2.0-85216868206,co_author,SDG 15 Life on Land
Biology,Bioscience,Asst. Prof. Dr. Ruvishika Jayawardena,2025,Endophytic xylariaceous fungi from rice in northern Thailand: discovery of novel species and new host records,Mycokeys,Q1,2024,84,0,10.3897/mycokeys.120.152187,2-s2.0-105014434570,co_author,SDG 2 Zero Hunger; SDG 15 Life on Land
Biology,Bioscience,Asst. Prof. Dr. Ruvishika Jayawardena,2025,"Exophiala hongheensis (Herpotrichiellaceae, Chaetothyriales, Eurotiomycetes), a new endophytic species on Amomum tsao-ko in Yunnan, China",Phytotaxa,Q3,2024,41,1,10.11646/phytotaxa.691.3.2,2-s2.0-86000182269,co_author,SDG 15 Life on Land
Biology,Bioscience,Asst. Prof. Dr. Ruvishika Jayawardena,2025,"Four new species of the lichen genus Diorygma (Graphidaceae, Ostropales) from Guizhou, China",Mycokeys,Q1,2024,84,1,10.3897/mycokeys.121.157714,2-s2.0-105014390517,co_author,SDG 15 Life on Land
Biology,Bioscience,Asst. Prof. Dr. Ruvishika Jayawardena,2025,"Four saprobic species associated with Mahonia in Guizhou Province, China",Mycological Progress,Q1,2024,85,2,10.1007/s11557-025-02050-x,2-s2.0-105007857289,co_author,SDG 15 Life on Land
Biology,Bioscience,Asst. Prof. Dr. Ruvishika Jayawardena,2025,Fungal diversity notes 1818–1918: taxonomic and phylogenetic contributions on genera and species of fungi,Fungal Diversity,Q1,2024,99,46,10.1007/s13225-024-00541-y,2-s2.0-105001063663,co_author,SDG 15 Life on Land
Biology,Bioscience,Asst. Prof. Dr. Ruvishika Jayawardena,2025,Fungal diversity notes 1919–2016: taxonomic and phylogenetic contributions to fungal taxa,Fungal Diversity,Q1,2024,99,21,10.1007/s13225-025-00556-z,2-s2.0-105006836933,co_author,SDG 15 Life on Land
Biology,Bioscience,Asst. Prof. Dr. Ruvishika Jayawardena,2025,Fungal diversity notes 2017–2122: taxonomic and phylogenetic contributions to freshwater fungi and other fungal taxa,Fungal Diversity,Q1,2024,99,8,10.1007/s13225-025-00560-3,2-s2.0-105017785176,co_author,SDG 6 Clean Water and Sanitation; SDG 15 Life on Land
Biology,Bioscience,Asst. Prof. Dr. Ruvishika Jayawardena,2025,Fungal diversity of Ascomycota in China and Thailand: Descriptions of new taxa in honour of Kevin D. Hyde’s 70th birthday,Mycosphere,Q1,2024,98,5,2-s2.0-105027641771,2-s2.0-105027641771,co_author,SDG 15 Life on Land
Biology,Bioscience,Asst. Prof. Dr. Ruvishika Jayawardena,2025,"Fungal threats to global mushroom cultivation: diseases, competitor molds, and management strategies – a review",Mycosphere,Q1,2024,98,1,10.5943/MYCOSPHERE/16/1/22,2-s2.0-105027175945,co_author,SDG 2 Zero Hunger; SDG 15 Life on Land
Biology,Bioscience,Asst. Prof. Dr. Ruvishika Jayawardena,2025,"Introducing Muciflexus inthanonensis gen. et sp. nov. and updates on Ochronectria (Hypocreales): New insights from leaf litter fungi in Doi Inthanon National Park, Northern Thailand",Mycokeys,Q1,2024,84,1,10.3897/mycokeys.117.147002,2-s2.0-105004938586,co_author,SDG 15 Life on Land
Biology,Bioscience,Asst. Prof. Dr. Ruvishika Jayawardena,2025,"Lijiangomyces laojunensis gen. et sp. nov. (Mytilinidiaceae), and Sclerococcum stictae (Dactylosporaceae), a new lichenicolous species from Yunnan, China",Mycokeys,Q1,2024,84,3,10.3897/mycokeys.114.146031,2-s2.0-86000183265,co_author,SDG 15 Life on Land
Biology,Bioscience,Asst. Prof. Dr. Ruvishika Jayawardena,2025,Mango Microcosm: Unveiling the species diversity and pathogenic potential of fungi isolated from mango (Mangifera indica) in northern Thailand,Fungal Biology,Q1,2024,84,8,10.1016/j.funbio.2025.101552,2-s2.0-85218978584,co_author,SDG 15 Life on Land
Biology,Bioscience,Asst. Prof. Dr. Ruvishika Jayawardena,2025,Micro-fungi in southern China and northern Thailand: emphasis on medicinal plants,Fungal Diversity,Q1,2024,99,34,10.1007/s13225-024-00549-4,2-s2.0-86000780270,co_author,SDG 15 Life on Land
Biology,Bioscience,Asst. Prof. Dr. Ruvishika Jayawardena,2025,Morpho-Molecular Characterization of Hypocrealean Fungi Isolated from Rice in Northern Thailand,Journal of Fungi,Q1,2024,92,4,10.3390/jof11040321,2-s2.0-105003577005,co_author,SDG 2 Zero Hunger; SDG 15 Life on Land
Biology,Bioscience,Asst. Prof. Dr. Ruvishika Jayawardena,2025,Morphology and molecular phylogeny of Dothideomycetes fungi associated with Dracaena plants,Frontiers in Cellular and Infection Microbiology,Q1,2024,88,0,10.3389/fcimb.2025.1550824,2-s2.0-105014024535,co_author,SDG 15 Life on Land
Biology,Bioscience,Asst. Prof. Dr. Ruvishika Jayawardena,2025,Mycosphere Notes 521–571: A special edition of fungal biodiversity to celebrate Kevin D. Hyde’s 70th birthday and his exceptional contributions to Mycology,Mycosphere,Q1,2024,98,21,10.5943/mycosphere/16/2/1,2-s2.0-105010747628,co_author,SDG 15 Life on Land
Biology,Bioscience,Asst. Prof. Dr. Ruvishika Jayawardena,2025,One stop shop V: taxonomic update with molecular phylogeny for important phytopathogenic genera: 101–125 (2024),Fungal Diversity,Q1,2024,99,14,10.1007/s13225-024-00542-x,2-s2.0-85218092917,first_author,SDG 15 Life on Land
Biology,Bioscience,Asst. Prof. Dr. Ruvishika Jayawardena,2025,"Ophiocordyceps linyphiidarum sp. nov., a newly discovered spider-pathogenic fungus from China",Phytotaxa,Q3,2024,41,2,10.11646/phytotaxa.715.1.2,2-s2.0-105017061347,co_author,
Biology,Bioscience,Asst. Prof. Dr. Ruvishika Jayawardena,2025,Orders of Ascomycota,Mycosphere,Q1,2024,98,24,10.5943/mycosphere/16/1/8,2-s2.0-105008231799,co_author,SDG 15 Life on Land
Biology,Bioscience,Asst. Prof. Dr. Ruvishika Jayawardena,2025,Pathogenic fungi (Sordariomycetes) associated with annual and perennial crops in Northern Thailand,Mycokeys,Q1,2024,84,2,10.3897/mycokeys.117.137112,2-s2.0-105005715069,co_author,SDG 15 Life on Land
Biology,Bioscience,Asst. Prof. Dr. Ruvishika Jayawardena,2025,"Phylogenetic diversity of Colletotrichum species (Sordariomycetes, Glomerellales, Glomerellaceae) associated with plant diseases in Thailand",Mycokeys,Q1,2024,84,6,10.3897/mycokeys.119.152323,2-s2.0-105010031986,co_author,SDG 15 Life on Land
Biology,Bioscience,Asst. Prof. Dr. Ruvishika Jayawardena,2025,Reduced loadings of nano- and micro-ZnO in natural rubber latex foam: Effects on cushioning and antifungal properties for fresh mango packaging,Food Packaging and Shelf Life,Q1,2024,98,0,10.1016/j.fpsl.2025.101601,2-s2.0-105015333380,co_author,SDG 2 Zero Hunger; SDG 3 Good Health and Well-being; SDG 12 Responsible Consumption and Production
Biology,Bioscience,Asst. Prof. Dr. Ruvishika Jayawardena,2025,Systematics and physiology of Cladophialophora matsushimae (Chaetothyriales) associated with ant carton and five new combinations in Cladophialophora and Epibryon,New Zealand Journal of Botany,Q2,2024,57,2,10.1080/0028825X.2025.2479092,2-s2.0-105002060141,co_author,
Biology,Bioscience,Asst. Prof. Dr. Ruvishika Jayawardena,2025,Taxonomy and systematics of micro-fungi associated with Coffea in southern China and northern Thailand,Fungal Diversity,Q1,2024,99,7,10.1007/s13225-025-00566-x,2-s2.0-105022887412,co_author,SDG 15 Life on Land
Biology,Bioscience,Asst. Prof. Dr. Ruvishika Jayawardena,2025,Three new records of Didymosphaeriaceae from Southwest China,Phytotaxa,Q3,2024,41,0,10.11646/phytotaxa.710.1.6,2-s2.0-105010451045,co_author,
Biology,Bioscience,Asst. Prof. Dr. Ruvishika Jayawardena,2025,"Three new species of Ochrolechia (Ochrolechiaceae, Pertusariales) from Guizhou Province, China",Mycokeys,Q1,2024,84,0,10.3897/mycokeys.126.168652,2-s2.0-105025931363,co_author,SDG 15 Life on Land
Biology,Bioscience,Asst. Prof. Dr. Ruvishika Jayawardena,2025,"Three new species of Ophiocordyceps (Hypocreales, Ophiocordycipitaceae) and a new host record for Hirsutella vermicola from China",Mycokeys,Q1,2024,84,6,10.3897/mycokeys.117.144875,2-s2.0-105005889745,co_author,SDG 15 Life on Land
Biology,Bioscience,Asst. Prof. Dr. Ruvishika Jayawardena,2025,"Two new species and one asexual morph record of Paraisaria (Ophiocordycipitaceae, Hypocreales) from China",Mycokeys,Q1,2024,84,0,10.3897/mycokeys.121.156843,2-s2.0-105018709216,co_author,SDG 15 Life on Land
Biology,Bioscience,Asst. Prof. Dr. Ruvishika Jayawardena,2025,"Two new species of Puccinia (Pucciniaceae, Pucciniales) from herbaceous plants in Yunnan Province, China",Phytotaxa,Q3,2024,41,1,10.11646/phytotaxa.694.1.2,2-s2.0-105000371200,co_author,SDG 15 Life on Land
Biology,Bioscience,Asst. Prof. Dr. Ruvishika Jayawardena,2025,Unveiling fungal diversity associated with coffee trees in China using a polyphasic approach and a global review of coffee saprobic fungi,IMA Fungus,Q1,2024,96,13,10.3897/imafungus.16.144874,2-s2.0-105018309457,co_author,SDG 2 Zero Hunger; SDG 15 Life on Land
Biology,Bioscience,Asst. Prof. Dr. Ruvishika Jayawardena,2024,"A new endophytic species, Diaporthe litseae, from medicinal plants in Guizhou Province, China",Phytotaxa,Q3,2024,41,1,10.11646/phytotaxa.665.3.6,2-s2.0-85204965400,co_author,SDG 15 Life on Land
Biology,Bioscience,Asst. Prof. Dr. Ruvishika Jayawardena,2024,"A new species of Neotorula (Pleosporales) from the Southwest, China",Phytotaxa,Q3,2024,41,3,10.11646/phytotaxa.662.3.4,2-s2.0-85201068039,co_author,SDG 15 Life on Land
Biology,Bioscience,Asst. Prof. Dr. Ruvishika Jayawardena,2024,"Additions to the genus Kirschsteiniothelia (Dothideomycetes); Three novel species and a new host record, based on morphology and phylogeny",Mycokeys,Q1,2024,84,8,10.3897/mycokeys.110.133450,2-s2.0-85208732021,co_author,SDG 15 Life on Land
Biology,Bioscience,Asst. Prof. Dr. Ruvishika Jayawardena,2024,Antimicrobial Metabolites from the Freshwater Fungus Tubeufia longihelicospora Strain GZCC 23-0405,Chiang Mai Journal of Science,Q3,2024,49,0,10.12982/CMJS.2024.053,2-s2.0-85202158145,co_author,SDG 3 Good Health and Well-being; SDG 6 Clean Water and Sanitation
Biology,Bioscience,Asst. Prof. Dr. Ruvishika Jayawardena,2024,"Assigning Xiuguozhangia (genus incertae sedis) to Pseudoberkleasmiaceae (Dothideomycetes, Pleosporomycetidae, Pleosporales) and introducing X. broussonetiae as a novel species",Mycokeys,Q1,2024,84,1,10.3897/mycokeys.111.136202,2-s2.0-85213697652,co_author,SDG 15 Life on Land
Biology,Bioscience,Asst. Prof. Dr. Ruvishika Jayawardena,2024,Characterization of Colletotrichum species obtained from citrus in northern Thailand and introducing a new host record for C. plurivorum,Plant Pathology,Q1,2024,90,4,10.1111/ppa.13908,2-s2.0-85191193079,co_author,SDG 15 Life on Land
Biology,Bioscience,Asst. Prof. Dr. Ruvishika Jayawardena,2024,Current Research in Applied and Environmental Mycology Fungal Profiles 1–30,Current Research in Environmental and Applied Mycology,Q2,2024,51,7,10.5943/cream/14/1/11,2-s2.0-85210949626,co_author,SDG 15 Life on Land
Biology,Bioscience,Asst. Prof. Dr. Ruvishika Jayawardena,2024,"Current trends, limitations and future research in the fungi?",Fungal Diversity,Q1,2024,99,99,10.1007/s13225-023-00532-5,2-s2.0-85188190597,co_author,SDG 15 Life on Land
Biology,Bioscience,Asst. Prof. Dr. Ruvishika Jayawardena,2024,Diversity of Pleosporalean Fungi Isolated from Rice (Oryza sativa L.) in Northern Thailand and Descriptions of Five New Species,Journal of Fungi,Q1,2024,92,9,10.3390/jof10110763,2-s2.0-85210263479,co_author,SDG 2 Zero Hunger; SDG 15 Life on Land
Biology,Bioscience,Asst. Prof. Dr. Ruvishika Jayawardena,2024,"Exploring fungi: a taxonomic and phylogenetic study of leaf-inhabiting Ascomycota in Musa species from northern Thailand, with a global checklist",Mycosphere,Q1,2024,98,12,10.5943/MYCOSPHERE/15/1/17,2-s2.0-85209153341,co_author,SDG 15 Life on Land
Biology,Bioscience,Asst. Prof. Dr. Ruvishika Jayawardena,2024,Four new Ophiocordyceps species in China,Mycosystema,Q2,2024,55,8,10.13346/j.mycosystema.230256,2-s2.0-85188828711,co_author,SDG 15 Life on Land
Biology,Bioscience,Asst. Prof. Dr. Ruvishika Jayawardena,2024,Fungal numbers: global needs for a realistic assessment,Fungal Diversity,Q1,2024,99,43,10.1007/s13225-024-00545-8,2-s2.0-85208492911,co_author,SDG 15 Life on Land
Biology,Bioscience,Asst. Prof. Dr. Ruvishika Jayawardena,2024,Morpho-molecular characterization of phoma-like fungi from Morus alba in northern Thailand; a novel species (Boeremia albae) and a new host record (B. maritima),Fungal Biology,Q1,2024,84,3,10.1016/j.funbio.2024.08.013,2-s2.0-85203151711,co_author,SDG 15 Life on Land
Biology,Bioscience,Asst. Prof. Dr. Ruvishika Jayawardena,2024,"Morphological and phylogenetic appraisal of a new Kirschsteiniothelia (Dothideomycetes, Kirschsteiniotheliales) species from Yunnan Province, China",Phytotaxa,Q3,2024,41,4,10.11646/phytotaxa.661.3.4,2-s2.0-85200571556,co_author,SDG 15 Life on Land
Biology,Bioscience,Asst. Prof. Dr. Ruvishika Jayawardena,2024,"Morphology and Multi-Gene Phylogeny Reveal a New Species of Family Torulaceae from Yunnan Province, China",Diversity,Q1,2024,77,6,10.3390/d16090551,2-s2.0-85205104364,co_author,SDG 15 Life on Land
Biology,Bioscience,Asst. Prof. Dr. Ruvishika Jayawardena,2024,Morphomolecular identification and pathogenicity of Colletotrichum species associated with avocado anthracnose in northern Thailand,Plant Pathology,Q1,2024,90,12,10.1111/ppa.13792,2-s2.0-85168123076,co_author,SDG 15 Life on Land
Biology,Bioscience,Asst. Prof. Dr. Ruvishika Jayawardena,2024,Mycosphere Notes 469–520,Mycosphere,Q1,2024,98,29,10.5943/MYCOSPHERE/15/1/11,2-s2.0-85206698690,co_author,
Biology,Bioscience,Asst. Prof. Dr. Ruvishika Jayawardena,2024,New records of Pestalotioid species associated with leaf spot disease on Camellia sinensis from northern Thailand,Phytotaxa,Q3,2024,41,2,10.11646/phytotaxa.647.1.5,2-s2.0-85193315304,co_author,SDG 3 Good Health and Well-being; SDG 15 Life on Land
Biology,Bioscience,Asst. Prof. Dr. Ruvishika Jayawardena,2024,New species and new records of plant pathogenic fungi from northern Thailand,Asian Journal of Mycology,Q3,2024,48,1,10.5943/ajom/7/2/10,2-s2.0-85213368816,co_author,SDG 15 Life on Land
Biology,Bioscience,Asst. Prof. Dr. Ruvishika Jayawardena,2024,"Novel species, morpho-molecular identification and pathogenicity of Allophoma (Didymellacaeae) causing leaf spots of true mangroves and mangrove associates in Thailand",Plant Pathology,Q1,2024,90,6,10.1111/ppa.13928,2-s2.0-85194577724,co_author,SDG 14 Life Below Water; SDG 15 Life on Land
Biology,Bioscience,Asst. Prof. Dr. Ruvishika Jayawardena,2024,"Phlyctema yunnanensis (Dermateaceae, Helotiales), a novel species from herbaceous plants in grassland ecosystems of Yunnan, China",Studies in Fungi,Q2,2024,62,4,10.48130/sif-0024-0020,2-s2.0-85215395481,co_author,SDG 15 Life on Land
Biology,Bioscience,Asst. Prof. Dr. Ruvishika Jayawardena,2024,"Phyllosticta taxa (Botryosphaeriales, Phyllostictaceae) from northern Thailand and southern European Russia: New host and geographical records",Phytotaxa,Q3,2024,41,6,10.11646/phytotaxa.637.3.1,2-s2.0-85185823077,co_author,
Biology,Bioscience,Asst. Prof. Dr. Ruvishika Jayawardena,2024,Polyketides from Neohelicosporium griseum: structure assignment and bioactivity investigation,Medicinal Chemistry Research,Q1,2024,79,5,10.1007/s00044-023-03172-1,2-s2.0-85181472130,co_author,
Biology,Bioscience,Asst. Prof. Dr. Ruvishika Jayawardena,2024,Polyphasic identification of two novel Colletotrichum species causing leaf spots on mangroves in Thailand,European Journal of Plant Pathology,Q1,2024,80,16,10.1007/s10658-024-02819-y,2-s2.0-85183410929,co_author,SDG 15 Life on Land
Biology,Bioscience,Asst. Prof. Dr. Ruvishika Jayawardena,2024,"Pseudoconiocessia xishuangbannaensis gen. et sp. nov. in Coniocessiaceae, Xylariales from Coffea liberica in China",Phytotaxa,Q3,2024,41,8,10.11646/phytotaxa.641.2.4,2-s2.0-85189443336,co_author,
Biology,Bioscience,Asst. Prof. Dr. Ruvishika Jayawardena,2024,"Recommendations on approving the name ""Entomosporium"", with a new species, E. dichotomanthes from China (Leotiomycetes, Drepanopezizaceae)",Mycokeys,Q1,2024,84,1,10.3897/mycokeys.107.121962,2-s2.0-85199430126,co_author,SDG 15 Life on Land
Biology,Bioscience,Asst. Prof. Dr. Ruvishika Jayawardena,2024,"Species diversity of fungal pathogens on cultivated mushrooms: a case study on morels (Morchella, Pezizales)",Fungal Diversity,Q1,2024,99,25,10.1007/s13225-023-00531-6,2-s2.0-85186552567,co_author,SDG 15 Life on Land
Biology,Bioscience,Asst. Prof. Dr. Ruvishika Jayawardena,2024,Taxonomic and phylogenetic assessment of selected fungal pathogens associated with banana fruits in the local markets of northern Thailand,European Journal of Plant Pathology,Q1,2024,80,2,10.1007/s10658-024-02842-z,2-s2.0-85189205918,co_author,SDG 15 Life on Land
Biology,Bioscience,Asst. Prof. Dr. Ruvishika Jayawardena,2024,"Taxonomic novelty in Pleomonodictydaceae and new reports for Ampelomyces quisqualis (Phaeosphaeriaceae), Melomastia maolanensis and M. oleae (Pleurotremataceae)",Mycokeys,Q1,2024,84,1,10.3897/mycokeys.111.135456,2-s2.0-85213697464,co_author,
Biology,Bioscience,Asst. Prof. Dr. Ruvishika Jayawardena,2024,Taxonomy and phylogeny of ascomycetes associated with selected economically important monocotyledons in China and Thailand,Mycosphere,Q1,2024,98,62,10.5943/mycosphere/15/1/1,2-s2.0-85194731055,co_author,SDG 15 Life on Land
Biology,Bioscience,Asst. Prof. Dr. Ruvishika Jayawardena,2024,The 2024 Outline of Fungi and fungus-like taxa,Mycosphere,Q1,2024,98,292,10.5943/MYCOSPHERE/15/1/25,2-s2.0-85207293386,co_author,SDG 15 Life on Land
Biology,Bioscience,Asst. Prof. Dr. Ruvishika Jayawardena,2024,"Two new species of Parastagonospora and a new species of Phaeoseptoriella (Phaeosphaeriaceae, Pleosporales) from grasslands in Yunnan Province, China",Mycokeys,Q1,2024,84,4,10.3897/mycokeys.109.134136,2-s2.0-85207129938,co_author,SDG 15 Life on Land
Biology,Bioscience,Asst. Prof. Dr. Ruvishika Jayawardena,2024,What are the 100 most cited fungal genera?,Studies in Mycology,Q1,2024,99,71,10.3114/sim.2024.108.01,2-s2.0-85200136342,co_author,SDG 15 Life on Land
Biology,Bioscience,Asst. Prof. Dr. Ruvishika Jayawardena,2023,A New Record of Neohelicosporium guangxiense and Its Secondary Metabolites,Chiang Mai Journal of Science,Q3,2024,49,7,10.12982/CMJS.2023.010,2-s2.0-85152728676,co_author,
Biology,Bioscience,Asst. Prof. Dr. Ruvishika Jayawardena,2023,A new species of Stephanonectria (Bionectriaceae) from southwestern China,Asian Journal of Mycology,Q3,2024,48,6,10.5943/ajom/6/1/9,2-s2.0-85166243886,co_author,SDG 15 Life on Land
Biology,Bioscience,Asst. Prof. Dr. Ruvishika Jayawardena,2023,Annotated notes on Diaporthe species,Mycosphere,Q1,2024,98,47,10.5943/mycosphere/14/1/12,2-s2.0-85175099469,co_author,SDG 15 Life on Land
Biology,Bioscience,Asst. Prof. Dr. Ruvishika Jayawardena,2023,Appressoria-Producing Sordariomycetes Taxa Associated with Jasminum Species,Pathogens,Q1,2024,78,5,10.3390/pathogens12121407,2-s2.0-85180450377,co_author,SDG 15 Life on Land
Biology,Bioscience,Asst. Prof. Dr. Ruvishika Jayawardena,2023,"Endophytic Colletotrichum (Sordariomycetes, Glomerellaceae) species associated with Citrus grandis cv. “Tomentosa” in China",Mycokeys,Q1,2024,84,24,10.3897/mycokeys.95.87121,2-s2.0-85152721708,co_author,SDG 15 Life on Land
Biology,Bioscience,Asst. Prof. Dr. Ruvishika Jayawardena,2023,Endophytic fungi in green manure crops; friends or foe?,Mycosphere,Q1,2024,98,35,10.5943/mycosphere/14/1/1,2-s2.0-85150432982,co_author,SDG 15 Life on Land
Biology,Bioscience,Asst. Prof. Dr. Ruvishika Jayawardena,2023,First Report of Colletotrichum fructicola Causing Fruit Rot and Leaf-Tip Dieback on Pineapple in Northern Thailand,Plants,Q1,2024,91,18,10.3390/plants12040971,2-s2.0-85149129716,co_author,
Biology,Bioscience,Asst. Prof. Dr. Ruvishika Jayawardena,2023,Four novel Pleurocordyceps (Polycephalomycetaceae) species from China,Frontiers in Microbiology,Q1,2024,80,9,10.3389/fmicb.2023.1256967,2-s2.0-85182859991,co_author,SDG 15 Life on Land
Biology,Bioscience,Asst. Prof. Dr. Ruvishika Jayawardena,2023,"Fungalpedia, an illustrated compendium of the fungi and fungus-like taxa",Mycosphere,Q1,2024,98,46,10.5943/MYCOSPHERE/14/1/22,2-s2.0-85186338574,co_author,SDG 15 Life on Land
Biology,Bioscience,Asst. Prof. Dr. Ruvishika Jayawardena,2023,Fungicolous Mucor on mushrooms: One novel species and six host records from southwest China and northern Thailand,Mycologia,Q1,2024,85,3,10.1080/00275514.2023.2220166,2-s2.0-85164524231,co_author,SDG 15 Life on Land
Biology,Bioscience,Asst. Prof. Dr. Ruvishika Jayawardena,2023,Genome-scale and multi-gene phylogenetic analyses of Colletotrichum spp. host preference and associated with medicinal plants,Mycosphere,Q1,2024,98,48,10.5943/mycosphere/14/si2/1,2-s2.0-85153724889,co_author,
Biology,Bioscience,Asst. Prof. Dr. Ruvishika Jayawardena,2023,Global consortium for the classification of fungi and fungus-like taxa,Mycosphere,Q1,2024,98,19,10.5943/mycosphere/14/1/23,2-s2.0-85186344205,co_author,SDG 15 Life on Land
Biology,Bioscience,Asst. Prof. Dr. Ruvishika Jayawardena,2023,Identification and characterization of Colletotrichum species associated with durian fruit in northern Thailand,Mycosphere,Q1,2024,98,20,10.5943/mycosphere/14/si2/2,2-s2.0-85153713996,co_author,SDG 15 Life on Land
Biology,Bioscience,Asst. Prof. Dr. Ruvishika Jayawardena,2023,Identification and characterization of Colletotrichum species associated with ornamental plants in Southern China,Mycosphere,Q1,2024,98,33,10.5943/MYCOSPHERE/14/SI2/5,2-s2.0-85190376408,co_author,SDG 15 Life on Land
Biology,Bioscience,Asst. Prof. Dr. Ruvishika Jayawardena,2023,Introducing Nigrograna italica sp. nov. (Nigrogranaceae) from Corylus avellana and Valsaria tectonae sp. nov. (Valsariaceae) from Tectona grandis,Phytotaxa,Q3,2024,41,5,10.11646/phytotaxa.618.2.1,2-s2.0-85174713180,co_author,
Biology,Bioscience,Asst. Prof. Dr. Ruvishika Jayawardena,2023,"Molecular and Morphological Identification of Monilia yunnanensis Causing Brown Rot on Chinese Quince and Peach in Yunnan, China",Plant Disease,Q1,2024,79,0,10.1094/PDIS-02-23-0293-PDN,2-s2.0-85176089494,co_author,SDG 3 Good Health and Well-being
Biology,Bioscience,Asst. Prof. Dr. Ruvishika Jayawardena,2023,Morphology and Phylogeny Reveal Three Montagnula Species from China and Thailand,Plants,Q1,2024,91,15,10.3390/plants12040738,2-s2.0-85149105589,co_author,SDG 15 Life on Land
Biology,Bioscience,Asst. Prof. Dr. Ruvishika Jayawardena,2023,Morphology and phylogeny of Colletotrichum dioscoreicola sp. nov. related to anthracnose disease on Dioscorea yunnanensis (Yam) in China,Current Research in Environmental and Applied Mycology,Q2,2024,51,4,10.5943/cream/13/1/15,2-s2.0-105000413962,co_author,SDG 3 Good Health and Well-being; SDG 15 Life on Land
Biology,Bioscience,Asst. Prof. Dr. Ruvishika Jayawardena,2023,"Morphophylogenetic evidence reveals four new fungal species within Tetraplosphaeriaceae (Pleosporales, Ascomycota) from tropical and subtropical forest in China",Mycokeys,Q1,2024,84,13,10.3897/mycokeys.100.113141,2-s2.0-85183102969,co_author,SDG 15 Life on Land
Biology,Bioscience,Asst. Prof. Dr. Ruvishika Jayawardena,2023,Mycosphere notes 387–412 – novel species of fungal taxa from around the world,Mycosphere,Q1,2024,98,115,10.5943/mycosphere/14/1/8,2-s2.0-85162949350,co_author,SDG 15 Life on Land
Biology,Bioscience,Asst. Prof. Dr. Ruvishika Jayawardena,2023,"Neogrisphenol A, a Potential Ovarian Cancer Inhibitor from a New Record Fungus Neohelicosporium griseum",Metabolites,Q2,2024,73,17,10.3390/metabo13030435,2-s2.0-85151976083,co_author,SDG 3 Good Health and Well-being
Biology,Bioscience,Asst. Prof. Dr. Ruvishika Jayawardena,2023,"Paramyrothecium amorphophalli sp. nov., a causal agent of leaf blight on elephant foot yam in northern Thailand",Current Research in Environmental and Applied Mycology,Q2,2024,51,9,10.5943/CREAM/13/1/4,2-s2.0-85152385786,co_author,
Biology,Bioscience,Asst. Prof. Dr. Ruvishika Jayawardena,2023,Pestalotioid Species Associated with Medicinal Plants in Southwest China and Thailand,Microbiology Spectrum,Q1,2024,82,40,10.1128/spectrum.03987-22,2-s2.0-85148114336,co_author,SDG 15 Life on Land
Biology,Bioscience,Asst. Prof. Dr. Ruvishika Jayawardena,2023,Phyto-pathogenic fungi associated with tropical fruit crops in Thailand – 1,Current Research in Environmental and Applied Mycology,Q2,2024,51,8,10.5943/cream/13/1/14,2-s2.0-85162961007,co_author,SDG 15 Life on Land
Biology,Bioscience,Asst. Prof. Dr. Ruvishika Jayawardena,2023,Revealing new records of hypocrealean fungicolous fungi from northern Thailand,Phytotaxa,Q3,2024,41,3,10.11646/phytotaxa.630.3.3,2-s2.0-85182368395,co_author,SDG 15 Life on Land
Biology,Bioscience,Asst. Prof. Dr. Ruvishika Jayawardena,2023,Taxonomic Advances from Fungal Flora Associated with Ferns and Fern-like Hosts in Northern Thailand,Plants,Q1,2024,91,15,10.3390/plants12030683,2-s2.0-85147889058,co_author,SDG 15 Life on Land
Biology,Bioscience,Asst. Prof. Dr. Ruvishika Jayawardena,2023,"Taxonomy and phylogeny of Fusarium houttuyniae and F. liriopes spp. nov. (Hypocreales, Nectriaceae) from China",Phytotaxa,Q3,2024,41,0,10.11646/phytotaxa.603.3.5,2-s2.0-85178119293,co_author,SDG 15 Life on Land
Biology,Bioscience,Asst. Prof. Dr. Ruvishika Jayawardena,2023,Two new fungal genera (Diaporthales) found on Dipterocarpaceae in Thailand,Frontiers in Microbiology,Q1,2024,80,7,10.3389/fmicb.2023.1169052,2-s2.0-85162228378,co_author,SDG 15 Life on Land
Biology,Bioscience,Asst. Prof. Dr. Ruvishika Jayawardena,2022,A new host record of Diaporthe rosae on Rambutan (Nephelium lappaceum L.),Phytotaxa,Q3,2024,41,4,10.11646/phytotaxa.567.2.4,2-s2.0-85142001707,co_author,
Biology,Bioscience,Asst. Prof. Dr. Ruvishika Jayawardena,2022,"A new species Pseudoplagiostoma dipterocarpicola (Pseudoplagiostomataceae, Diaporthales) found in northern Thailand on members of the Dipterocarpaceae",Phytotaxa,Q3,2024,41,14,10.11646/phytotaxa.543.4.3,2-s2.0-85142508807,co_author,SDG 15 Life on Land
Biology,Bioscience,Asst. Prof. Dr. Ruvishika Jayawardena,2022,"A new species and a new host record of Pseudoberkleasmium (Pseudoberkleasmiaceae, Dothideomycetes) from Cocos nucifera and Zea mays in northern Thailand",Phytotaxa,Q3,2024,41,6,10.11646/phytotaxa.547.3.2,2-s2.0-85142426209,co_author,SDG 15 Life on Land
Biology,Bioscience,Asst. Prof. Dr. Ruvishika Jayawardena,2022,"A new species of Neoroussoella peltophora in Roussoellaceae, from Thailand",Phytotaxa,Q3,2024,41,1,10.11646/phytotaxa.531.3.7,2-s2.0-85141989971,co_author,SDG 15 Life on Land
Biology,Bioscience,Asst. Prof. Dr. Ruvishika Jayawardena,2022,"Additions to Neopestalotiopsis (Amphisphaeriales, Sporocadaceae) fungi: two new species and one new host record from China",Biodiversity Data Journal,Q2,2024,51,10,10.3897/BDJ.10.e90709,2-s2.0-85140021895,co_author,SDG 15 Life on Land
Biology,Bioscience,Asst. Prof. Dr. Ruvishika Jayawardena,2022,Additions to the genus Periconia from northern Thailand,Phytotaxa,Q3,2024,41,7,10.11646/phytotaxa.555.1.5,2-s2.0-85141997204,co_author,
Biology,Bioscience,Asst. Prof. Dr. Ruvishika Jayawardena,2022,An Addition to pestalotioid fungi in China: Neopestalotiopsis fragariae sp. nov. causing leaf spots on Fragaria × ananassa,Asian Journal of Mycology,Q3,2024,48,10,10.5943/ajom/5/2/10,2-s2.0-85166179442,co_author,SDG 15 Life on Land
Biology,Bioscience,Asst. Prof. Dr. Ruvishika Jayawardena,2022,Comprehensive Review of Fungi on Coffee,Pathogens,Q1,2024,78,57,10.3390/pathogens11040411,2-s2.0-85130061080,co_author,SDG 2 Zero Hunger; SDG 15 Life on Land
Biology,Bioscience,Asst. Prof. Dr. Ruvishika Jayawardena,2022,"Crassiparies yunnanensis sp. nov. (Neohendersoniaceae, Pleosporales) from dead twigs of Coffea arabica in China",Phytotaxa,Q3,2024,41,9,10.11646/phytotaxa.543.4.4,2-s2.0-85140923153,co_author,
Biology,Bioscience,Asst. Prof. Dr. Ruvishika Jayawardena,2022,"Description of Four Novel Species in Pleosporales Associated with Coffee in Yunnan, China",Journal of Fungi,Q1,2024,92,34,10.3390/jof8101113,2-s2.0-85140904787,co_author,SDG 2 Zero Hunger; SDG 15 Life on Land
Biology,Bioscience,Asst. Prof. Dr. Ruvishika Jayawardena,2022,Diaporthe: formalizing the species-group concept,Mycosphere,Q1,2024,98,87,10.5943/mycosphere/13/1/9,2-s2.0-85137365732,co_author,SDG 15 Life on Land
Biology,Bioscience,Asst. Prof. Dr. Ruvishika Jayawardena,2022,Endophytic Fungi Associated with Coffee Leaves in China Exhibited In Vitro Antagonism against Fungal and Bacterial Pathogens,Journal of Fungi,Q1,2024,92,31,10.3390/jof8070698,2-s2.0-85133538792,co_author,SDG 2 Zero Hunger; SDG 15 Life on Land
Biology,Bioscience,Asst. Prof. Dr. Ruvishika Jayawardena,2022,Fungal diversity notes 1512–1610: taxonomic and phylogenetic contributions on genera and species of fungal taxa,Fungal Diversity,Q1,2024,99,142,10.1007/s13225-022-00513-0,2-s2.0-85149114551,first_author,SDG 15 Life on Land
Biology,Bioscience,Asst. Prof. Dr. Ruvishika Jayawardena,2022,"Lasiodiplodia fici sp. nov., Causing Leaf Spot on Ficus altissima in China",Pathogens,Q1,2024,78,15,10.3390/pathogens11080840,2-s2.0-85137463793,co_author,
Biology,Bioscience,Asst. Prof. Dr. Ruvishika Jayawardena,2022,Morel Production Associated with Soil Nitrogen-Fixing and Nitrifying Microorganisms,Journal of Fungi,Q1,2024,92,68,10.3390/jof8030299,2-s2.0-85127052836,co_author,SDG 2 Zero Hunger; SDG 15 Life on Land
Biology,Bioscience,Asst. Prof. Dr. Ruvishika Jayawardena,2022,New records of two appendage bearing ceolomycetes on grasses in Thailand,Phytotaxa,Q3,2024,41,1,10.11646/phytotaxa.541.2.2,2-s2.0-85141960037,co_author,
Biology,Bioscience,Asst. Prof. Dr. Ruvishika Jayawardena,2022,"Novel and Surprising Host Associations of Diaporthe (Diaporthaceae, Diaporthales) Species from Italy",Chiang Mai Journal of Science,Q3,2024,49,13,10.12982/CMJS.2022.028,2-s2.0-85128621306,co_author,SDG 15 Life on Land
Biology,Bioscience,Asst. Prof. Dr. Ruvishika Jayawardena,2022,"Pleocatenata chiangraiensis gen. et. sp. nov. (Pleosporales, Dothideomycetes) from medicinal plants in northern Thailand",Mycokeys,Q1,2024,84,6,10.3897/MYCOKEYS.87.79433,2-s2.0-85125938448,co_author,
Biology,Bioscience,Asst. Prof. Dr. Ruvishika Jayawardena,2022,Ten decadal advances in fungal biology leading towards human well-being,Fungal Diversity,Q1,2024,99,64,10.1007/s13225-022-00510-3,2-s2.0-85138021206,co_author,SDG 15 Life on Land
Biology,Bioscience,Asst. Prof. Dr. Ruvishika Jayawardena,2022,Ten important forest fungal pathogens: a review on their emergence and biology,Mycosphere,Q1,2024,98,31,10.5943/mycosphere/13/1/6,2-s2.0-85135535098,co_author,SDG 15 Life on Land
Biology,Bioscience,Asst. Prof. Dr. Ruvishika Jayawardena,2022,The numbers of fungi: are the most speciose genera truly diverse?,Fungal Diversity,Q1,2024,99,204,10.1007/s13225-022-00501-4,2-s2.0-85127274090,co_author,SDG 15 Life on Land
Biology,Bioscience,Asst. Prof. Dr. Ruvishika Jayawardena,2022,"Three new species of Nigrograna (Dothideomycetes, Pleosporales) associated with Arabica coffee from Yunnan Province, China",Mycokeys,Q1,2024,84,28,10.3897/mycokeys.94.95751,2-s2.0-85147916165,co_author,SDG 2 Zero Hunger; SDG 15 Life on Land
Material Science Engineering,Material Science and Engineering,Asst. Prof. Dr. Sitthi Duangphet,2025,"A Comprehensive Characterisation of Mycelium-Based Biomaterials Developed from Panus ciliatus and P. subfasciatus (Panaceae, Polyporales)",Journal of Fungi,Q1,2024,92,0,10.3390/jof11120826,2-s2.0-105027237549,co_author,SDG 15 Life on Land
Material Science Engineering,Material Science and Engineering,Asst. Prof. Dr. Sitthi Duangphet,2025,A global checklist of mushrooms (Basidiomycota) in biomaterials and the challenges and opportunities of mycelium-based biomaterials,Asian Journal of Mycology,Q3,2024,48,1,2-s2.0-105028782784,2-s2.0-105028782784,co_author,SDG 15 Life on Land
Material Science Engineering,Material Science and Engineering,Asst. Prof. Dr. Sitthi Duangphet,2025,Comparative study on the ﬂexural properties and hardness of a PMMA-based dental composite,Scienceasia,Q2,2024,53,0,10.2306/scienceasia1513-1874.2025.082,2-s2.0-105021850885,first_author,"SDG 9 Industry, Innovation and Infrastructure"
Material Science Engineering,Material Science and Engineering,Asst. Prof. Dr. Sitthi Duangphet,2025,"Phlebiopsis friesii (Phanerochaetaceae, Polyporales), a New Record in Thailand and the First Preliminary Characterization of Its Potential in Mycelium Mats",Mycobiology,Q2,2024,56,1,10.1080/12298093.2025.2518801,2-s2.0-105009350759,co_author,
Material Science Engineering,Material Science and Engineering,Asst. Prof. Dr. Sitthi Duangphet,2024,Effect of Copper Chloride on Phase Structure and Properties of Synthesized Materials from Flue Gas Desulfurization Gypsum,Key Engineering Materials,Q4,2024,23,0,10.4028/p-L9cqRk,2-s2.0-85201301355,co_author,"SDG 9 Industry, Innovation and Infrastructure"
Material Science Engineering,Material Science and Engineering,Asst. Prof. Dr. Sitthi Duangphet,2022,PHYSICAL AND ELECTRICAL PROPERTIES OF Al2O3- PEO/PEG-BASED SOLID POLYMER ELECTROLYTE,Suranaree Journal of Science and Technology,Q4,2024,5,0,2-s2.0-85130621781,2-s2.0-85130621781,first_author,"SDG 9 Industry, Innovation and Infrastructure"
Biology,Bioscience,Asst. Prof. Dr. Somrudee Nilthong,2026,"Deep sequencing reveals genetic identity of pepper yellow leaf curl Thailand virus from pepper and whiteflies from Chiang Mai, Thailand",Agriculture and Natural Resources,Q3,2024,44,0,10.34044/j.anres.2026.60.1.05,2-s2.0-105039308973,co_author,SDG 2 Zero Hunger
Biology,Bioscience,Asst. Prof. Dr. Somrudee Nilthong,2025,"Discovery of a new species and a new geographical record of Metarhizium (Clavicipitaceae, Hypocreales) from China",Phytotaxa,Q3,2024,41,1,10.11646/phytotaxa.683.2.1,2-s2.0-85216868206,co_author,SDG 15 Life on Land
Biology,Bioscience,Asst. Prof. Dr. Somrudee Nilthong,2025,"New Aquilariomyces and Mangifericomes species (Pleosporales, Ascomycota) from Aquilaria spp. in China",Mycokeys,Q1,2024,84,3,10.3897/mycokeys.112.139831,2-s2.0-85215377534,co_author,SDG 15 Life on Land
Biology,Bioscience,Asst. Prof. Dr. Somrudee Nilthong,2025,"Ophiocordyceps linyphiidarum sp. nov., a newly discovered spider-pathogenic fungus from China",Phytotaxa,Q3,2024,41,2,10.11646/phytotaxa.715.1.2,2-s2.0-105017061347,co_author,
Biology,Bioscience,Asst. Prof. Dr. Somrudee Nilthong,2025,"Three new species of Ophiocordyceps (Hypocreales, Ophiocordycipitaceae) and a new host record for Hirsutella vermicola from China",Mycokeys,Q1,2024,84,6,10.3897/mycokeys.117.144875,2-s2.0-105005889745,co_author,SDG 15 Life on Land
Biology,Bioscience,Asst. Prof. Dr. Somrudee Nilthong,2025,"Two new species and one asexual morph record of Paraisaria (Ophiocordycipitaceae, Hypocreales) from China",Mycokeys,Q1,2024,84,0,10.3897/mycokeys.121.156843,2-s2.0-105018709216,co_author,SDG 15 Life on Land
Biology,Bioscience,Asst. Prof. Dr. Somrudee Nilthong,2024,"Melomastia (Dothideomycetes, Ascomycota) species associated with Chinese Aquilaria spp",Mycokeys,Q1,2024,84,4,10.3897/mycokeys.111.137898,2-s2.0-85211440799,co_author,SDG 15 Life on Land
Biology,Bioscience,Asst. Prof. Dr. Somrudee Nilthong,2024,Molecular Characterization of Wild Tea Plants (Camellia spp.) in Thailand Using DNA Barcoding Markers,Asian Journal of Plant Sciences,Q3,2024,33,0,10.3923/ajps.2024.345.366,2-s2.0-85202583360,co_author,SDG 2 Zero Hunger
Biology,Bioscience,Asst. Prof. Dr. Somrudee Nilthong,2023,Estimation of Solar Radiation for Evaporation Evaluation in Mae Suai Reservoir,Gmsarn International Journal,Q3,2024,31,1,2-s2.0-85150799063,2-s2.0-85150799063,co_author,SDG 7 Affordable and Clean Energy
Biology,Bioscience,Asst. Prof. Dr. Somrudee Nilthong,2023,Identification of Major Brown Planthopper Resistance Genes in Indigenous Thai Upland Rice Germplasm Using Molecular Markers,Agronomy,Q1,2024,84,6,10.3390/agronomy13102605,2-s2.0-85175460590,co_author,SDG 2 Zero Hunger
Biology,Bioscience,Asst. Prof. Dr. Somrudee Nilthong,2023,Screening of rice blast resistance in Thai upland rice using pathogenicity assays and molecular markers,Journal of Crop Improvement,Q2,2024,68,4,10.1080/15427528.2022.2159600,2-s2.0-85145164399,co_author,SDG 2 Zero Hunger
Biology,Bioscience,Asst. Prof. Dr. Somrudee Nilthong,2022,Genetic diversity and population structure of blast resistance genes in Thai upland rice germplasm,European Journal of Plant Pathology,Q1,2024,80,6,10.1007/s10658-022-02499-6,2-s2.0-85126740347,co_author,SDG 2 Zero Hunger
Material Science Engineering,Material Science and Engineering,Asst. Prof. Dr. Somwan Chumphongphan,2024,Effect of Copper Chloride on Phase Structure and Properties of Synthesized Materials from Flue Gas Desulfurization Gypsum,Key Engineering Materials,Q4,2024,23,0,10.4028/p-L9cqRk,2-s2.0-85201301355,co_author,"SDG 9 Industry, Innovation and Infrastructure"
Material Science Engineering,Material Science and Engineering,Asst. Prof. Dr. Somwan Chumphongphan,2022,"Influence of Anodization Condition on Hydrophobicity, Morphology, and Corrosion Resistance of 17-4PH Stainless Steel",Surface Engineering and Applied Electrochemistry,Q3,2024,39,1,10.3103/S1068375522040081,2-s2.0-85137150374,co_author,"SDG 9 Industry, Innovation and Infrastructure"
Material Science Engineering,Material Science and Engineering,Asst. Prof. Dr. Somwan Chumphongphan,2022,PHYSICAL AND ELECTRICAL PROPERTIES OF Al2O3- PEO/PEG-BASED SOLID POLYMER ELECTROLYTE,Suranaree Journal of Science and Technology,Q4,2024,5,0,2-s2.0-85130621781,2-s2.0-85130621781,co_author,"SDG 9 Industry, Innovation and Infrastructure"
Biology,Bioscience,Asst. Prof. Dr. Sunita Chamyuang,2026,"Anti-cancer effects of cordyceps sinensis, C. militaris and C. cicadae and their mechanisms of action",Journal of Asian Natural Products Research,Q2,2024,61,4,10.1080/10286020.2025.2497282,2-s2.0-105005484945,co_author,SDG 3 Good Health and Well-being
Biology,Bioscience,Asst. Prof. Dr. Sunita Chamyuang,2026,Development of Quantitative PCR Method for Quantifying Streptococcus thermophilus Growth During Batch Culture,Current Applied Science and Technology,Q3,2024,43,0,10.55003/cast.2025.265684,2-s2.0-105032803576,co_author,
Biology,Bioscience,Asst. Prof. Dr. Sunita Chamyuang,2025,"Computational Screening of Anticancer Peptides from Cordyceps militaris Targeting Apoptosis, Angiogenesis, and Metastasis",Makara Journal of Science,Q2,2024,53,0,10.7454/mss.v29i4.3005,2-s2.0-105028722503,co_author,
Biology,Bioscience,Asst. Prof. Dr. Sunita Chamyuang,2025,Cordyceps militaris: A Microbial Cell Factory for the Production of Cordycepin,Cordyceps and Allied Species,NA,,,1,10.1007/978-981-97-6345-0_14,2-s2.0-105002526639,co_author,SDG 15 Life on Land
Biology,Bioscience,Asst. Prof. Dr. Sunita Chamyuang,2025,Implementation of Omics Approaches in Unravelling the Potency of Cordyceps militaris in Drug Discovery,Natural Products Journal,Q3,2024,47,0,10.2174/0122103155294164240323134513,2-s2.0-85206800750,co_author,SDG 3 Good Health and Well-being
Biology,Bioscience,Asst. Prof. Dr. Sunita Chamyuang,2025,Optimization for High-Yield Adenosine Production from Cordyceps militaris in Submerged Fermentation,Asian Journal of Mycology,Q3,2024,48,0,10.5943/ajom/8/1/10,2-s2.0-105008334882,co_author,
Biology,Bioscience,Asst. Prof. Dr. Sunita Chamyuang,2025,Solid-State Fermentation of Riceberry Rice with Mushroom Mycelium for Enhanced Beta-Glucan Production and Health Applications,Molecules,Q1,2024,87,2,10.3390/molecules30193879,2-s2.0-105018843449,co_author,SDG 2 Zero Hunger; SDG 3 Good Health and Well-being
Biology,Bioscience,Asst. Prof. Dr. Sunita Chamyuang,2024,Effects of caffeine on growth and metabolite production of Cordyceps militaris,Scienceasia,Q2,2024,53,0,10.2306/scienceasia1513-1874.2024.s006,2-s2.0-105003054364,co_author,
Biology,Bioscience,Asst. Prof. Dr. Sunita Chamyuang,2024,Prebiotic properties of germinated riceberry rice (Oryza sativa L.) fermented with Pleurotus ostreatus,Scienceasia,Q2,2024,53,1,10.2306/scienceasia1513-1874.2024.s007,2-s2.0-105003048957,co_author,SDG 2 Zero Hunger
Biology,Bioscience,Asst. Prof. Dr. Sunita Chamyuang,2023,Nutritional Improvement of Germinated Riceberry Rice (Oryza sativa) Cultivated with Pleurotus ostreatus Mycelium,Trends in Sciences,Q2,2024,59,6,10.48048/tis.2023.5574,2-s2.0-85163025039,co_author,SDG 2 Zero Hunger
Biology,Bioscience,Asst. Prof. Dr. Sunita Chamyuang,2022,Fermentation With Pleurotus Ostreatus Enhances the Prebiotic Properties of Germinated Riceberry Rice,Frontiers in Nutrition,Q1,2024,83,11,10.3389/fnut.2022.839145,2-s2.0-85128872859,co_author,SDG 2 Zero Hunger
Chemistry,Chemistry,Asst. Prof. Dr. Suwanna Deachathai,2025,"Anticancer Activity of Garcinia xanthochymus Crude Extracts Against Human Cancer Cells: In Vitro Evaluation in MDA-MB-231, Huh-7, A549, and SW480 Cell Lines",Trends in Sciences,Q2,2024,59,1,10.48048/tis.2026.10842,2-s2.0-105017150889,co_author,SDG 3 Good Health and Well-being
Chemistry,Chemistry,Asst. Prof. Dr. Suwanna Deachathai,2025,Styryl lactone derivatives and aristolactam alkaloids from Goniothalamus tapis Miq. and their α-glucosidase inhibitory activity,Natural Product Research,Q1,2024,78,6,10.1080/14786419.2024.2306172,2-s2.0-85183637808,co_author,
Chemistry,Chemistry,Asst. Prof. Dr. Suwanna Deachathai,2024,Chemical Composition of the Essential Oils from Goniothalamus tortilipetalus M.R.Hend. and Their Antioxidant and Antibacterial Activities,Chemistry Switzerland,Q2,2024,50,7,10.3390/chemistry6020013,2-s2.0-85191525157,co_author,SDG 3 Good Health and Well-being
Chemistry,Chemistry,Asst. Prof. Dr. Suwanna Deachathai,2024,"Tetrahydroxanthene-1,3(2H)-diones and Oxidized Hexadiene Derivatives from Uvaria leptopoda and Their Biological Activities",Journal of Natural Products,Q1,2024,86,4,10.1021/acs.jnatprod.4c00248,2-s2.0-85194401808,co_author,
Chemistry,Chemistry,Asst. Prof. Dr. Tharakorn Maneerat,2026,Abietane diterpenoids and their biological activities from Premna herbacea Roxb.,Phytochemistry,Q1,2024,92,0,10.1016/j.phytochem.2025.114722,2-s2.0-105024322639,co_author,
Chemistry,Chemistry,Asst. Prof. Dr. Tharakorn Maneerat,2025,Abutilon indicum (L.) Sweet Extracts Inhibit Key Glucose Metabolic Enzymes While Enhancing Glucose Transport in L6 Myotubes and 3T3L1 Adipocytes,Journal of Food Biochemistry,Q1,2024,91,1,10.1155/jfbc/8252812,2-s2.0-105007787515,co_author,SDG 2 Zero Hunger; SDG 11 Sustainable Cities and Communities
Chemistry,Chemistry,Asst. Prof. Dr. Tharakorn Maneerat,2025,Alkaloids and Styryl Lactones from Goniothalamus tortilipetalus and Their Biological Activities,Journal of Natural Products,Q1,2024,86,0,10.1021/acs.jnatprod.4c00933,2-s2.0-85209384620,co_author,
Chemistry,Chemistry,Asst. Prof. Dr. Tharakorn Maneerat,2025,"Chalcones, flavonoids, and aristolactam alkaloids from Friesodielsia kingii and their biological activities",Phytochemistry Letters,Q2,2024,58,0,10.1016/j.phytol.2024.11.004,2-s2.0-85208499287,co_author,
Chemistry,Chemistry,Asst. Prof. Dr. Tharakorn Maneerat,2025,Highly oxygenated cyclohexenes from the leaves of Uvaria grandiflora Roxb. ex Hornem and their cytotoxic and α-glucosidase inhibitory activities,Heliyon,Q1,2024,80,0,10.1016/j.heliyon.2024.e41326,2-s2.0-85212561903,co_author,
Chemistry,Chemistry,Asst. Prof. Dr. Tharakorn Maneerat,2025,"Network pharmacology and metabolomics reveal mathurameha, a Thai traditional Anti-Diabetic formula, enhances glucose metabolism through PI3K-AKT/AMPK/GLUT4 pathway modulation",Scientific Reports,Q1,2024,89,1,10.1038/s41598-025-15556-x,2-s2.0-105013467436,co_author,
Chemistry,Chemistry,Asst. Prof. Dr. Tharakorn Maneerat,2025,"Parmentin C, a new phenolic glycoside from Handroanthus chrysanthus flowers",Phytochemistry Letters,Q2,2024,58,1,10.1016/j.phytol.2025.01.1004,2-s2.0-85217516089,co_author,
Chemistry,Chemistry,Asst. Prof. Dr. Tharakorn Maneerat,2025,Styryl lactone derivatives and aristolactam alkaloids from Goniothalamus tapis Miq. and their α-glucosidase inhibitory activity,Natural Product Research,Q1,2024,78,6,10.1080/14786419.2024.2306172,2-s2.0-85183637808,co_author,
Chemistry,Chemistry,Asst. Prof. Dr. Tharakorn Maneerat,2024,Aporphine alkaloids and a naphthoquinone derivative from the leaves of Phaeanthus lucidus Oliv. and their α-glucosidase inhibitory activity,Phytochemistry,Q1,2024,92,9,10.1016/j.phytochem.2024.114020,2-s2.0-85185444591,co_author,
Chemistry,Chemistry,Asst. Prof. Dr. Tharakorn Maneerat,2024,Chemical Composition of the Essential Oils from Goniothalamus tortilipetalus M.R.Hend. and Their Antioxidant and Antibacterial Activities,Chemistry Switzerland,Q2,2024,50,7,10.3390/chemistry6020013,2-s2.0-85191525157,co_author,SDG 3 Good Health and Well-being
Chemistry,Chemistry,Asst. Prof. Dr. Tharakorn Maneerat,2024,Cytotoxic and Antibacterial Activities of Chemical Constituents from the EtOAc Extract of Uvaria hamiltonii Twigs,Chemistry of Natural Compounds,Q3,2024,27,0,10.1007/s10600-024-04316-4,2-s2.0-85188435816,co_author,SDG 3 Good Health and Well-being
Chemistry,Chemistry,Asst. Prof. Dr. Tharakorn Maneerat,2024,Highly oxygenated cyclohexenes from Uvaria dac Pierre ex Finet & Gagnep. and their α-glucosidase inhibitory activity,Fitoterapia,Q1,2024,78,2,10.1016/j.fitote.2024.106044,2-s2.0-85194339182,co_author,
Chemistry,Chemistry,Asst. Prof. Dr. Tharakorn Maneerat,2024,"Tetrahydroxanthene-1,3(2H)-diones and Oxidized Hexadiene Derivatives from Uvaria leptopoda and Their Biological Activities",Journal of Natural Products,Q1,2024,86,4,10.1021/acs.jnatprod.4c00248,2-s2.0-85194401808,co_author,
Chemistry,Chemistry,Asst. Prof. Dr. Tharakorn Maneerat,2023,Alkaloids and Styryl lactones from Goniothalamus ridleyi King and Their α-Glucosidase Inhibitory Activity,Molecules,Q1,2024,87,5,10.3390/molecules28031158,2-s2.0-85147895312,co_author,
Chemistry,Chemistry,Asst. Prof. Dr. Tharakorn Maneerat,2023,Dimeric aporphine alkaloids from the twigs of Trivalvaria costata (Hook.f. & Thomson) I.M.Turner,Phytochemistry,Q1,2024,92,9,10.1016/j.phytochem.2023.113586,2-s2.0-85146183339,co_author,
Chemistry,Chemistry,Asst. Prof. Dr. Tharakorn Maneerat,2023,"Phaeanthuslucidines A-D, dimeric aporphine alkaloid derivatives from Phaeanthus lucidus Oliv.",Phytochemistry,Q1,2024,92,8,10.1016/j.phytochem.2023.113717,2-s2.0-85159183874,co_author,
Chemistry,Chemistry,Asst. Prof. Dr. Tharakorn Maneerat,2023,Xanthones from the latex and twig extracts of Garcinia nigrolineata Planch. ex T. Anderson (Clusiaceae) and their antidiabetic and cytotoxic activities,Natural Product Research,Q1,2024,78,2,10.1080/14786419.2022.2086544,2-s2.0-85131723385,co_author,
Chemistry,Chemistry,Asst. Prof. Dr. Tharakorn Maneerat,2022,Antidiabetic and Cytotoxic Activities of Rotenoids and Isoflavonoids Isolated from Millettia pachycarpa Benth,ACS Omega,Q1,2024,77,15,10.1021/acsomega.2c02163,2-s2.0-85135949213,co_author,
Chemistry,Chemistry,Asst. Prof. Dr. Tharakorn Maneerat,2022,"Antidiabetic properties of garciniacowone L, a new xanthone with an unusual 5,5,8a-trimethyloctahydro-2H-1-benzopyran moiety, and other xanthones from the twig extract of Garcinia cowa Roxb. ex Choisy",Journal of King Saud University Science,Q1,2024,91,12,10.1016/j.jksus.2022.102201,2-s2.0-85133546001,co_author,
Chemistry,Chemistry,Asst. Prof. Dr. Tharakorn Maneerat,2022,Bioactive compounds from the fruit extract of Clausena excavata Burm. f. (Rutaceae),South African Journal of Botany,Q1,2024,80,8,10.1016/j.sajb.2022.05.056,2-s2.0-85132440462,co_author,
Chemistry,Chemistry,Asst. Prof. Dr. Tharakorn Maneerat,2022,Isoprenylated chromones from the stems of Harrisonia perforata,Phytochemistry Letters,Q2,2024,58,5,10.1016/j.phytol.2022.04.003,2-s2.0-85129083390,co_author,
Chemistry,Chemistry,Asst. Prof. Dr. Tharakorn Maneerat,2022,Kaempferia parviflora Rhizome Extract as Potential Anti-Acne Ingredient,Molecules,Q1,2024,87,30,10.3390/molecules27144401,2-s2.0-85134498939,co_author,
Chemistry,Chemistry,Asst. Prof. Dr. Tharakorn Maneerat,2022,Metabolite Fingerprinting of Piper nigrum L. from Different Regions of Thailand by UHPLC-QTOF-MS Approach and In Vitro Bioactivities,Trends in Sciences,Q2,2024,59,7,10.48048/tis.2022.1520,2-s2.0-85141435198,co_author,
Chemistry,Chemistry,Asst. Prof. Dr. Tharakorn Maneerat,2022,Nitric oxide production inhibitory activity of clerodane diterpenes from Monoon membranifolium,Natural Product Research,Q1,2024,78,6,10.1080/14786419.2021.1912044,2-s2.0-85104504118,co_author,
Chemistry,Chemistry,Asst. Prof. Dr. Tharakorn Maneerat,2022,Rotenoids and isoflavones from the leaf and pod extracts of Millettia brandisiana Kurz,Phytochemistry,Q1,2024,92,6,10.1016/j.phytochem.2022.113440,2-s2.0-85138178569,co_author,
Chemistry,Chemistry,Asst. Prof. Dr. Tharakorn Maneerat,2022,Special Thai Oolong Tea: Chemical Profile and In Vitro Antidiabetic Activities,Frontiers in Pharmacology,Q1,2024,89,11,10.3389/fphar.2022.797032,2-s2.0-85127100155,co_author,SDG 2 Zero Hunger
Chemistry,Chemistry,Asst. Prof. Dr. Tharakorn Maneerat,2022,Utilization of Corncob Biochar in Cultivation Media for Cordycepin Production and Biomass of Cordyceps militaris,Sustainability Switzerland,Q1,2024,90,8,10.3390/su14159362,2-s2.0-85136988180,co_author,SDG 12 Responsible Consumption and Production
Chemistry,Chemistry,Asst. Prof. Dr. Tharakorn Maneerat,2022,α-Glucosidase inhibitory and α-amylase inhibitory activities of compounds isolated from Uvaria rufa Blume,Natural Product Research,Q1,2024,78,8,10.1080/14786419.2022.2041010,2-s2.0-85124709884,co_author,
CIX,Computational Science,Asst. Prof. Dr. Theeradech Mookum,2025,Particle Size Distribution Model for Optimizing Coffee Grind Consistency,Journal of Food Process Engineering,Q2,2024,72,0,10.1111/jfpe.70129,2-s2.0-105004643772,co_author,"SDG 2 Zero Hunger; SDG 9 Industry, Innovation and Infrastructure"
CIX,Computational Science,Asst. Prof. Dr. Theeradech Mookum,2024,Numerical investigation of turbulent flow and heat transfer for enhancing performance of gas turbine blade with rib turbulators,Maejo International Journal of Science and Technology,Q3,2024,43,0,2-s2.0-85185933836,2-s2.0-85185933836,co_author,
Chemistry,Chemistry,Asst. Prof. Dr. Thitipone Suwunwong,2026,High-Efficiency Antimicrobial Air Filter Electrospun ZnO/Biochar/PAN Nanofiber,Fibers and Polymers,Q2,2024,57,0,10.1007/s12221-026-01353-4,2-s2.0-105030531478,first_author,SDG 3 Good Health and Well-being; SDG 12 Responsible Consumption and Production
Chemistry,Chemistry,Asst. Prof. Dr. Thitipone Suwunwong,2024,Preparation and characterization of polyvinyl alcohol (PVA)-glycerol composite films incorporating nanosilica from municipal solid waste incinerator bottom ash,Heliyon,Q1,2024,80,21,10.1016/j.heliyon.2024.e25963,2-s2.0-85187269681,co_author,"SDG 9 Industry, Innovation and Infrastructure; SDG 11 Sustainable Cities and Communities; SDG 12 Responsible Consumption and Production"
Chemistry,Chemistry,Asst. Prof. Dr. Thitipone Suwunwong,2024,Preparation and utilization of biochar from agricultural wastes as ethylene absorber for ‘Gros Michel’ banana ripening,Industrial Crops and Products,Q1,2024,92,14,10.1016/j.indcrop.2024.119860,2-s2.0-85206877603,co_author,SDG 2 Zero Hunger; SDG 12 Responsible Consumption and Production
Chemistry,Chemistry,Asst. Prof. Dr. Thitipone Suwunwong,2024,The use of a tertiary solvent mixture to study solvent dynamic effects in the photoinduced electron transfer reaction of excited singlet pyrene and indole,New Journal of Chemistry,Q2,2024,63,0,10.1039/d3nj05255a,2-s2.0-85186992321,co_author,
Chemistry,Chemistry,Asst. Prof. Dr. Thitipone Suwunwong,2023,Adsorption of Tetracycline by Magnetic Mesoporous Silica Derived from Bottom Ash—Biomass Power Plant,Sustainability Switzerland,Q1,2024,90,7,10.3390/su15064727,2-s2.0-85181777972,co_author,SDG 12 Responsible Consumption and Production
Chemistry,Chemistry,Asst. Prof. Dr. Thitipone Suwunwong,2023,Green extraction ofãrabica coffee cherry husk usingã deep eutectic solvent,Scienceasia,Q2,2024,53,2,10.2306/scienceasia1513-1874.2023.s010,2-s2.0-85182370121,co_author,SDG 2 Zero Hunger; SDG 12 Responsible Consumption and Production
Chemistry,Chemistry,Asst. Prof. Dr. Thitipone Suwunwong,2023,"Microplastic pollution in lakeshore sediments: the first report on abundance and composition of Phewa Lake, Nepal",Environmental Science and Pollution Research,Q1,2024,87,15,10.1007/s11356-023-27315-4,2-s2.0-85158154364,co_author,SDG 13 Climate Action
Chemistry,Chemistry,Asst. Prof. Dr. Thitipone Suwunwong,2022,Utilization of Corncob Biochar in Cultivation Media for Cordycepin Production and Biomass of Cordyceps militaris,Sustainability Switzerland,Q1,2024,90,8,10.3390/su14159362,2-s2.0-85136988180,co_author,SDG 12 Responsible Consumption and Production
Material Science Engineering,Material Science and Engineering,Asst. Prof. Dr. Uraiwan Intatha,2025,Comparative study on the ﬂexural properties and hardness of a PMMA-based dental composite,Scienceasia,Q2,2024,53,0,10.2306/scienceasia1513-1874.2025.082,2-s2.0-105021850885,co_author,"SDG 9 Industry, Innovation and Infrastructure"
Material Science Engineering,Material Science and Engineering,Asst. Prof. Dr. Uraiwan Intatha,2025,"Low-cost samarium-doped mixed alkali borosilicate glasses: Structural, thermal, and optical characterization for luminescent applications in art and decoration",Journal of Alloys and Compounds,Q1,2024,94,2,10.1016/j.jallcom.2025.184167,2-s2.0-105017856645,co_author,
Material Science Engineering,Material Science and Engineering,Asst. Prof. Dr. Uraiwan Intatha,2024,Effect of Copper Chloride on Phase Structure and Properties of Synthesized Materials from Flue Gas Desulfurization Gypsum,Key Engineering Materials,Q4,2024,23,0,10.4028/p-L9cqRk,2-s2.0-85201301355,co_author,"SDG 9 Industry, Innovation and Infrastructure"
Material Science Engineering,Material Science and Engineering,Asst. Prof. Dr. Uraiwan Intatha,2024,Effect of NMC-doping Concentration on the Structural Feature and Electrical Properties of Lithium Iron Phosphate Cathode for Use in Lithium-ion Batteries,Chiang Mai Journal of Science,Q3,2024,49,1,10.12982/CMJS.2024.064,2-s2.0-85202183613,co_author,
Material Science Engineering,Material Science and Engineering,Asst. Prof. Dr. Uraiwan Intatha,2024,The Influence of Refining on Molded Pulps from Banana Pseudostem Waste After NH4OH–KOH Based Pulping and Single-Stage Bleaching,Waste and Biomass Valorization,Q2,2024,73,3,10.1007/s12649-023-02253-x,2-s2.0-85168615830,co_author,SDG 12 Responsible Consumption and Production
Material Science Engineering,Material Science and Engineering,Asst. Prof. Dr. Uraiwan Intatha,2023,Investigating the Thermo-Optic Properties of BCZT-Based Temperature Sensors,Materials,Q1,2024,79,1,10.3390/ma16145202,2-s2.0-85166249537,co_author,
Material Science Engineering,Material Science and Engineering,Asst. Prof. Dr. Uraiwan Intatha,2023,Sustainable nanocomposite coating for moulded pulp with enhanced barrier properties for food packaging applications,Polymer International,Q1,2024,79,33,10.1002/pi.6469,2-s2.0-85141383299,co_author,"SDG 2 Zero Hunger; SDG 9 Industry, Innovation and Infrastructure; SDG 12 Responsible Consumption and Production"
Material Science Engineering,Material Science and Engineering,Asst. Prof. Dr. Uraiwan Intatha,2022,Bio-nanocomposite foams of starch reinforced with bacterial nanocellulose fibers,Materials Today Proceedings,Q2,2024,73,18,10.1016/j.matpr.2022.12.049,2-s2.0-85144373839,co_author,
Material Science Engineering,Material Science and Engineering,Asst. Prof. Dr. Uraiwan Intatha,2022,Preparation of LFP-based cathode materials for lithium-ion battery applications,Materials Today Proceedings,Q2,2024,73,24,10.1016/j.matpr.2022.05.302,2-s2.0-85131536715,co_author,SDG 7 Affordable and Clean Energy
Material Science Engineering,Material Science and Engineering,Asst. Prof. Dr. Uraiwan Intatha,2022,Synthesis of Na(Fe1-xAlx)PO4 cathode materials for sodium battery,Materials Today Proceedings,Q2,2024,73,2,10.1016/j.matpr.2022.04.847,2-s2.0-85130426025,co_author,SDG 7 Affordable and Clean Energy
Material Science Engineering,Material Science and Engineering,Asst. Prof. Dr. Uraiwan Intatha,2022,Synthesis of mesoporous carbon powder from gold beard grass pollen for use as an anode for lithium-ion batteries,Microporous and Mesoporous Materials,Q1,2024,93,17,10.1016/j.micromeso.2021.111565,2-s2.0-85121211670,co_author,SDG 13 Climate Action
Chemistry,Chemistry,Prof. Dr. Surat Laphookhieo,2026,Abietane diterpenoids and their biological activities from Premna herbacea Roxb.,Phytochemistry,Q1,2024,92,0,10.1016/j.phytochem.2025.114722,2-s2.0-105024322639,co_author,
Chemistry,Chemistry,Prof. Dr. Surat Laphookhieo,2026,Enhanced anti-inflammatory activity of 4-piperidone-based curcumin analogues: structure–activity relationships and mechanistic insights,Phytochemistry Reviews,Q1,2024,98,1,10.1007/s11101-025-10211-9,2-s2.0-105026235891,co_author,
Chemistry,Chemistry,Prof. Dr. Surat Laphookhieo,2026,"Exploring the immunomodulatory, anti-inflammatory, and cell proliferative potential of Hydrocotyle umbellata L. Leaf extracts: A comparative study with Centella asiatica (L.) Urb",Phytomedicine Plus,Q1,2024,83,0,10.1016/j.phyplu.2026.100969,2-s2.0-105034114573,co_author,
Chemistry,Chemistry,Prof. Dr. Surat Laphookhieo,2026,Phytochemical study of Fissistigma fulgens (Hook.f. & Thomson) Merr. leaves: Previously undescribed dihydrochalcone derivatives and their biological activities,Phytochemistry,Q1,2024,92,1,10.1016/j.phytochem.2025.114735,2-s2.0-105024007513,co_author,
Chemistry,Chemistry,Prof. Dr. Surat Laphookhieo,2026,"Synthetic Strategies for Mono-Carbonyl Curcumin Analogues: Reaction Optimisation, Substituent Influence, and Emerging Sustainable Methods",Current Organic Synthesis,Q3,2024,43,0,10.2174/0115701794450098260224075443,2-s2.0-105037171398,co_author,SDG 12 Responsible Consumption and Production
Chemistry,Chemistry,Prof. Dr. Surat Laphookhieo,2025,Abutilon indicum (L.) Sweet Extracts Inhibit Key Glucose Metabolic Enzymes While Enhancing Glucose Transport in L6 Myotubes and 3T3L1 Adipocytes,Journal of Food Biochemistry,Q1,2024,91,1,10.1155/jfbc/8252812,2-s2.0-105007787515,co_author,SDG 2 Zero Hunger; SDG 11 Sustainable Cities and Communities
Chemistry,Chemistry,Prof. Dr. Surat Laphookhieo,2025,Alkaloids and Styryl Lactones from Goniothalamus tortilipetalus and Their Biological Activities,Journal of Natural Products,Q1,2024,86,0,10.1021/acs.jnatprod.4c00933,2-s2.0-85209384620,co_author,
Chemistry,Chemistry,Prof. Dr. Surat Laphookhieo,2025,"Anticancer Activity of Garcinia xanthochymus Crude Extracts Against Human Cancer Cells: In Vitro Evaluation in MDA-MB-231, Huh-7, A549, and SW480 Cell Lines",Trends in Sciences,Q2,2024,59,1,10.48048/tis.2026.10842,2-s2.0-105017150889,co_author,SDG 3 Good Health and Well-being
Chemistry,Chemistry,Prof. Dr. Surat Laphookhieo,2025,"Chalcones, flavonoids, and aristolactam alkaloids from Friesodielsia kingii and their biological activities",Phytochemistry Letters,Q2,2024,58,0,10.1016/j.phytol.2024.11.004,2-s2.0-85208499287,co_author,
Chemistry,Chemistry,Prof. Dr. Surat Laphookhieo,2025,"Heteropsine inhibits dengue virus infection, suppresses cytokine/chemokine gene expressions, and attenuates nuclear translocation of nuclear factor-kappaB in liver cell lines",Biochemical and Biophysical Research Communications,Q2,2024,58,0,10.1016/j.bbrc.2025.152056,2-s2.0-105005577864,co_author,SDG 3 Good Health and Well-being
Chemistry,Chemistry,Prof. Dr. Surat Laphookhieo,2025,Highly oxygenated cyclohexenes from the leaves of Uvaria grandiflora Roxb. ex Hornem and their cytotoxic and α-glucosidase inhibitory activities,Heliyon,Q1,2024,80,0,10.1016/j.heliyon.2024.e41326,2-s2.0-85212561903,co_author,
Chemistry,Chemistry,Prof. Dr. Surat Laphookhieo,2025,"Network pharmacology and metabolomics reveal mathurameha, a Thai traditional Anti-Diabetic formula, enhances glucose metabolism through PI3K-AKT/AMPK/GLUT4 pathway modulation",Scientific Reports,Q1,2024,89,1,10.1038/s41598-025-15556-x,2-s2.0-105013467436,co_author,
Chemistry,Chemistry,Prof. Dr. Surat Laphookhieo,2025,"Parmentin C, a new phenolic glycoside from Handroanthus chrysanthus flowers",Phytochemistry Letters,Q2,2024,58,1,10.1016/j.phytol.2025.01.1004,2-s2.0-85217516089,co_author,
Chemistry,Chemistry,Prof. Dr. Surat Laphookhieo,2025,Styryl lactone derivatives and aristolactam alkaloids from Goniothalamus tapis Miq. and their α-glucosidase inhibitory activity,Natural Product Research,Q1,2024,78,6,10.1080/14786419.2024.2306172,2-s2.0-85183637808,co_author,
Chemistry,Chemistry,Prof. Dr. Surat Laphookhieo,2025,Two new diterpenes isolated from the roots of Grangea maderaspatana,Phytochemistry Letters,Q2,2024,58,0,10.1016/j.phytol.2025.102973,2-s2.0-105004702575,co_author,
Chemistry,Chemistry,Prof. Dr. Surat Laphookhieo,2024,Anti-diabetic compounds from Uvaria dulcis Dunal,Heliyon,Q1,2024,80,2,10.1016/j.heliyon.2024.e26962,2-s2.0-85186590794,co_author,
Chemistry,Chemistry,Prof. Dr. Surat Laphookhieo,2024,"Antimicrobial Activity of Compounds Isolated from Uvaria wrayi (King) L.L. Zhou, Y.C.F. Su & R.M.K. Saunders Leaves and Twigs",Trends in Sciences,Q2,2024,59,0,10.48048/tis.2024.8306,2-s2.0-85207547178,co_author,SDG 3 Good Health and Well-being
Chemistry,Chemistry,Prof. Dr. Surat Laphookhieo,2024,Antioxidative and anti-cytogenotoxic potential of Lysiphyllum strychnifolium (Craib) A. Schmitz extracts against cadmium-induced toxicity in human embryonic kidney (HEK293) and dermal fibroblast (HDF) cells,Heliyon,Q1,2024,80,2,10.1016/j.heliyon.2024.e34480,2-s2.0-85198956728,co_author,SDG 3 Good Health and Well-being
Chemistry,Chemistry,Prof. Dr. Surat Laphookhieo,2024,Aporphine alkaloids and a naphthoquinone derivative from the leaves of Phaeanthus lucidus Oliv. and their α-glucosidase inhibitory activity,Phytochemistry,Q1,2024,92,9,10.1016/j.phytochem.2024.114020,2-s2.0-85185444591,co_author,
Chemistry,Chemistry,Prof. Dr. Surat Laphookhieo,2024,Aristolactams and Flavanones from Dasymaschalon wallichii (Hook.f. & Thomson) Jing Wang & R.M.K.Saunders and Their α-Glucosidase Inhibitory Activity,Trends in Sciences,Q2,2024,59,0,10.48048/tis.2024.8429,2-s2.0-85208611272,co_author,
Chemistry,Chemistry,Prof. Dr. Surat Laphookhieo,2024,Chemical Composition of the Essential Oils from Goniothalamus tortilipetalus M.R.Hend. and Their Antioxidant and Antibacterial Activities,Chemistry Switzerland,Q2,2024,50,7,10.3390/chemistry6020013,2-s2.0-85191525157,co_author,SDG 3 Good Health and Well-being
Chemistry,Chemistry,Prof. Dr. Surat Laphookhieo,2024,Cytotoxic and Antibacterial Activities of Chemical Constituents from the EtOAc Extract of Uvaria hamiltonii Twigs,Chemistry of Natural Compounds,Q3,2024,27,0,10.1007/s10600-024-04316-4,2-s2.0-85188435816,co_author,SDG 3 Good Health and Well-being
Chemistry,Chemistry,Prof. Dr. Surat Laphookhieo,2024,Highly oxygenated cyclohexenes from Uvaria dac Pierre ex Finet & Gagnep. and their α-glucosidase inhibitory activity,Fitoterapia,Q1,2024,78,2,10.1016/j.fitote.2024.106044,2-s2.0-85194339182,co_author,
Chemistry,Chemistry,Prof. Dr. Surat Laphookhieo,2024,"SWATH-proteomics reveals Mathurameha, a traditional anti-diabetic herbal formula, attenuates high glucose-induced endothelial dysfunction through the EGF/NO/IL-1β regulatory axis",Journal of Proteomics,Q1,2024,79,7,10.1016/j.jprot.2024.105263,2-s2.0-85199352006,co_author,
Chemistry,Chemistry,Prof. Dr. Surat Laphookhieo,2024,"Tetrahydroxanthene-1,3(2H)-diones and Oxidized Hexadiene Derivatives from Uvaria leptopoda and Their Biological Activities",Journal of Natural Products,Q1,2024,86,4,10.1021/acs.jnatprod.4c00248,2-s2.0-85194401808,co_author,
Chemistry,Chemistry,Prof. Dr. Surat Laphookhieo,2023,Alkaloids and Styryl lactones from Goniothalamus ridleyi King and Their α-Glucosidase Inhibitory Activity,Molecules,Q1,2024,87,5,10.3390/molecules28031158,2-s2.0-85147895312,co_author,
Chemistry,Chemistry,Prof. Dr. Surat Laphookhieo,2023,Cassane diterpenoids with α-glucosidase inhibitory activity from the fruits of Pterolobium macropterum,Beilstein Journal of Organic Chemistry,Q3,2024,41,6,10.3762/bjoc.19.47,2-s2.0-85162833624,co_author,
Chemistry,Chemistry,Prof. Dr. Surat Laphookhieo,2023,"Corrigendum to “Discovery of lead natural products for developing pan-SARS-CoV-2 therapeutics” “Antiviral Research 209 (2023)/105484” (Antiviral Research (2023) 209, (S0166354222002534), (10.1016/j.antiviral.2022.105484))",Antiviral Research,Q1,2024,76,1,10.1016/j.antiviral.2023.105577,2-s2.0-85151261481,co_author,SDG 3 Good Health and Well-being
Chemistry,Chemistry,Prof. Dr. Surat Laphookhieo,2023,Dimeric aporphine alkaloids from the twigs of Trivalvaria costata (Hook.f. & Thomson) I.M.Turner,Phytochemistry,Q1,2024,92,9,10.1016/j.phytochem.2023.113586,2-s2.0-85146183339,co_author,
Chemistry,Chemistry,Prof. Dr. Surat Laphookhieo,2023,Discovery of lead natural products for developing pan-SARS-CoV-2 therapeutics,Antiviral Research,Q1,2024,76,19,10.1016/j.antiviral.2022.105484,2-s2.0-85144436100,co_author,SDG 3 Good Health and Well-being
Chemistry,Chemistry,Prof. Dr. Surat Laphookhieo,2023,Nanoencapsulation of Garcinia cowa leaf extract and its biological activities for potential use in pharmaceutical and cosmeceutical products,Colloid and Polymer Science,Q2,2024,54,3,10.1007/s00396-023-05158-2,2-s2.0-85168612406,co_author,"SDG 9 Industry, Innovation and Infrastructure"
Chemistry,Chemistry,Prof. Dr. Surat Laphookhieo,2023,"Phaeanthuslucidines A-D, dimeric aporphine alkaloid derivatives from Phaeanthus lucidus Oliv.",Phytochemistry,Q1,2024,92,8,10.1016/j.phytochem.2023.113717,2-s2.0-85159183874,co_author,
Chemistry,Chemistry,Prof. Dr. Surat Laphookhieo,2023,Xanthones from the latex and twig extracts of Garcinia nigrolineata Planch. ex T. Anderson (Clusiaceae) and their antidiabetic and cytotoxic activities,Natural Product Research,Q1,2024,78,2,10.1080/14786419.2022.2086544,2-s2.0-85131723385,co_author,
Chemistry,Chemistry,Prof. Dr. Surat Laphookhieo,2022,Antidiabetic and Cytotoxic Activities of Rotenoids and Isoflavonoids Isolated from Millettia pachycarpa Benth,ACS Omega,Q1,2024,77,15,10.1021/acsomega.2c02163,2-s2.0-85135949213,co_author,
Chemistry,Chemistry,Prof. Dr. Surat Laphookhieo,2022,"Antidiabetic properties of garciniacowone L, a new xanthone with an unusual 5,5,8a-trimethyloctahydro-2H-1-benzopyran moiety, and other xanthones from the twig extract of Garcinia cowa Roxb. ex Choisy",Journal of King Saud University Science,Q1,2024,91,12,10.1016/j.jksus.2022.102201,2-s2.0-85133546001,co_author,
Chemistry,Chemistry,Prof. Dr. Surat Laphookhieo,2022,Bioactive compounds from the fruit extract of Clausena excavata Burm. f. (Rutaceae),South African Journal of Botany,Q1,2024,80,8,10.1016/j.sajb.2022.05.056,2-s2.0-85132440462,co_author,
Chemistry,Chemistry,Prof. Dr. Surat Laphookhieo,2022,Biomimetic Total Synthesis and the Biological Evaluation of Natural Product (-)-Fargesone A as a Novel FXR Agonist,Jacs Au,Q1,2024,94,15,10.1021/jacsau.2c00600,2-s2.0-85143870464,co_author,
Chemistry,Chemistry,Prof. Dr. Surat Laphookhieo,2022,Cytotoxic and antibacterial xanthones from the roots of Maclura cochinchinensis,Natural Product Research,Q1,2024,78,11,10.1080/14786419.2022.2062351,2-s2.0-85128756206,co_author,SDG 3 Good Health and Well-being
Chemistry,Chemistry,Prof. Dr. Surat Laphookhieo,2022,"Cytotoxic and α-glucosidase inhibitory metabolites from twigs and leaves of Phyllanthus mirabilis, a species endemic to limestone mountains",Phytochemistry,Q1,2024,92,2,10.1016/j.phytochem.2021.113028,2-s2.0-85119970241,co_author,SDG 15 Life on Land
Chemistry,Chemistry,Prof. Dr. Surat Laphookhieo,2022,"Derrisrobustones A–D, isoflavones from the twig extract of Derris robusta (DC.) Benth. and their α-glucosidase inhibitory activity",Phytochemistry,Q1,2024,92,7,10.1016/j.phytochem.2022.113168,2-s2.0-85126981314,co_author,
Chemistry,Chemistry,Prof. Dr. Surat Laphookhieo,2022,Isoprenylated chromones from the stems of Harrisonia perforata,Phytochemistry Letters,Q2,2024,58,5,10.1016/j.phytol.2022.04.003,2-s2.0-85129083390,co_author,
Chemistry,Chemistry,Prof. Dr. Surat Laphookhieo,2022,Kaempferia parviflora Rhizome Extract as Potential Anti-Acne Ingredient,Molecules,Q1,2024,87,30,10.3390/molecules27144401,2-s2.0-85134498939,co_author,
Chemistry,Chemistry,Prof. Dr. Surat Laphookhieo,2022,Nitric oxide production inhibitory activity of clerodane diterpenes from Monoon membranifolium,Natural Product Research,Q1,2024,78,6,10.1080/14786419.2021.1912044,2-s2.0-85104504118,co_author,
Chemistry,Chemistry,Prof. Dr. Surat Laphookhieo,2022,Rare prenylated isoflavonoids from the young twigs of Millettia extensa and their cytotoxic activities,Rsc Advances,Q1,2024,79,5,10.1039/d2ra05950a,2-s2.0-85141920839,co_author,
Chemistry,Chemistry,Prof. Dr. Surat Laphookhieo,2022,Rotenoids and isoflavones from the leaf and pod extracts of Millettia brandisiana Kurz,Phytochemistry,Q1,2024,92,6,10.1016/j.phytochem.2022.113440,2-s2.0-85138178569,co_author,
Chemistry,Chemistry,Prof. Dr. Surat Laphookhieo,2022,"Volatile constituents of Amomum argyrophyllum Ridl. and Amomum dealbatum Roxb. and their antioxidant, tyrosinase inhibitory and cytotoxic activities",Arabian Journal of Chemistry,Q1,2024,87,5,10.1016/j.arabjc.2022.104148,2-s2.0-85135965353,co_author,
Chemistry,Chemistry,Prof. Dr. Surat Laphookhieo,2022,α-Glucosidase inhibitory and α-amylase inhibitory activities of compounds isolated from Uvaria rufa Blume,Natural Product Research,Q1,2024,78,8,10.1080/14786419.2022.2041010,2-s2.0-85124709884,co_author,
